Scientific Name,Common Name,Where Listed,Region  ,ESA Listing Status  ,Group,State,,,,,,,,,,,,,,,,,
Ursus arctos horribilis,Grizzly bear,"U.S.A., conterminous (lower 48) States, except where listed as an experimental population",6,Threatened,Mammals,Wyoming,,,,,,,,,,,,,,,,,
Lynx canadensis,Canada Lynx,Wherever Found in Contiguous U.S.,6,Threatened,Mammals,Wyoming,,,,,,,,,,,,,,,,,
Zapus hudsonius preblei,Preble's meadow jumping mouse,wherever found,6,Threatened,Mammals,Wyoming,,Count of Scientific Name,Column Labels,,,,,,,,,,,,,,
Gulo gulo luscus,North American wolverine,Wherever found,6,Threatened,Mammals,Wyoming,,Row Labels,Amphibians,Arachnids,Birds,Clams,Conifers and Cycads,Crustaceans,Ferns and Allies,Fishes,Flowering Plants,Insects,Lichens,Mammals,Reptiles,Snails,Grand Total
Mustela nigripes,Black-footed ferret,"U.S.A. (WY and specified portions of AZ, CO, MT, SD, and UT, see 17.84(g)(9))",6,"Experimental Population, Non-Essential",Mammals,Wyoming,,New Jersey,,,3,1,,,,,6,1,,3,3,,17
Myotis septentrionalis,Northern Long-Eared Bat,Wherever found,3,Endangered,Mammals,Wyoming,,New Mexico,2,,6,1,,2,1,15,16,2,,7,3,6,61
Zapada glacier,Western glacier stonefly,Wherever found,6,Threatened,Insects,Wyoming,,New York,,,4,6,,,1,,7,2,,2,4,1,27
Penstemon haydenii,Blowout penstemon,Wherever found,6,Endangered,Flowering Plants,Wyoming,,North Carolina,1,1,7,9,,,,5,26,1,1,8,7,2,68
Spiranthes diluvialis,Ute ladies'-tresses,Wherever found,6,Threatened,Flowering Plants,Wyoming,,North Dakota,,,3,,,,,1,1,1,,1,,,7
Platanthera praeclara,Western prairie fringed Orchid,Wherever found,3,Threatened,Flowering Plants,Wyoming,,Ohio,,,3,12,,,,,5,4,,2,2,,28
Yermo xanthocephalus,Desert yellowhead,Wherever found,6,Threatened,Flowering Plants,Wyoming,,Oklahoma,,,4,6,,,,5,1,1,,4,1,,22
Rhinichthys osculus thermalis,Kendall Warm Springs dace,Wherever found,6,Endangered,Fishes,Wyoming,,Oregon,1,,7,,1,2,,7,16,4,,4,4,1,47
Pinus albicaulis,Whitebark pine,Wherever found,6,Threatened,Conifers and Cycads,Wyoming,,Pennsylvania,,,2,9,,,,,5,,,2,2,,20
Charadrius melodus,Piping Plover,"[Atlantic Coast and Northern Great Plains populations] - Wherever found, except those areas where listed as endangered.",5,Threatened,Birds,Wyoming,,Rhode Island,,,3,,,,,,2,1,,1,2,,9
Coccyzus americanus,Yellow-billed Cuckoo,Western U.S. DPS,2,Threatened,Birds,Wyoming,,South Carolina,1,,6,3,,,,,21,,1,2,5,,39
Calidris canutus rufa,rufa red knot,Wherever found,5,Threatened,Birds,Wyoming,,South Dakota,,,3,2,,,,2,3,2,,3,,,15
Anaxyrus baxteri,Wyoming Toad,Wherever found,6,Endangered,Amphibians,Wyoming,,Tennessee,,1,4,61,,1,1,33,19,,1,5,1,4,131
Canis lupus,Gray wolf,"U.S.A.: All of AL, AR, CA, CO, CT, DE, FL, GA, IA, IN, IL, KS, KY, LA, MA, MD, ME, MI, MO, MS, NC, ND, NE, NH, NJ, NV, NY, OH, OK, PA, RI, SC, SD, TN, TX, VA, VT, WI, and WV; and portions of AZ, NM, OR, UT, and WA. Mexico.",6,Endangered,Mammals,Wisconsin,,Texas,8,9,14,1,,3,,14,35,9,,6,7,5,111
Lynx canadensis,Canada Lynx,Wherever Found in Contiguous U.S.,6,Threatened,Mammals,Wisconsin,,Utah,,,5,,,,,10,25,1,,4,1,,46
Charadrius melodus,Piping Plover,"[Great Lakes watershed DPS] - Great Lakes, watershed in States of IL, IN, MI, MN, NY, OH, PA, and WI and Canada (Ont.)",3,Endangered,Birds,Wisconsin,,Vermont,,,,1,,,,,2,,,3,,,6
Lampsilis higginsii,Higgins eye (pearlymussel),Wherever found,3,Endangered,Clams,Wisconsin,,Virginia,1,1,4,26,,3,,9,17,3,1,6,5,1,77
Quadrula fragosa,Winged Mapleleaf,"Wherever found, except where listed as an experimental population",3,Endangered,Clams,Wisconsin,,Washington,1,,7,,1,,,1,8,2,,11,1,,32
Discus macclintocki,Iowa Pleistocene snail,Wherever found,3,Endangered,Snails,Wisconsin,,West Virginia,1,,1,13,,3,,2,6,1,,4,,1,32
Lycaeides melissa samuelis,Karner blue butterfly,Wherever found,3,Endangered,Insects,Wisconsin,,Wisconsin,,,3,5,,,,,7,5,,3,1,1,25
Somatochlora hineana,Hine's emerald dragonfly,Wherever found,3,Endangered,Insects,Wisconsin,,Wyoming,1,,3,,1,,,1,4,1,,6,,,17
Aconitum noveboracense,Northern wild monkshood,Wherever found,3,Threatened,Flowering Plants,Wisconsin,,Grand Total,17,12,92,156,3,14,3,105,232,41,4,87,49,22,837
Asclepias meadii,Mead's milkweed,Wherever found,3,Threatened,Flowering Plants,Wisconsin,,,,,,,,,,,,,,,,,
Cirsium pitcheri,Pitcher's thistle,Wherever found,3,Threatened,Flowering Plants,Wisconsin,,,,,,,,,,,,,,,,,
Iris lacustris,Dwarf lake iris,Wherever found,3,Threatened,Flowering Plants,Wisconsin,,,,,,,,,,,,,,,,,
Lespedeza leptostachya,Prairie bush-clover,Wherever found,3,Threatened,Flowering Plants,Wisconsin,,,,,,,,,,,,,,,,,
Oxytropis campestris var. chartacea,Fassett's locoweed,Wherever found,3,Threatened,Flowering Plants,Wisconsin,,,,,,,,,,,,,,,,,
Platanthera leucophaea,Eastern prairie fringed orchid,Wherever found,3,Threatened,Flowering Plants,Wisconsin,,,,,,,,,,,,,,,,,
Cumberlandia monodonta,Spectaclecase (mussel),Wherever found,3,Endangered,Clams,Wisconsin,,,,,,,,,,,,,,,,,
Epioblasma triquetra,Snuffbox mussel,Wherever found,3,Endangered,Clams,Wisconsin,,,,,,,,,,,,,,,,,
Hemileuca maia menyanthevora (=H. iroquois),bog buck moth,Wherever found,5,Endangered,Insects,Wisconsin,,,,,,,,,,,,,,,,,
Grus americana,Whooping crane,"U.S.A. (AL, AR, CO, FL, GA, ID, IL, IN, IA, KY, LA, MI, MN, MS, MO, NC, NM, OH, SC, TN, UT, VA, WI, WV, western half of WY)",2,"Experimental Population, Non-Essential",Birds,Wisconsin,,,,,,,,,,,,,,,,,
Sistrurus catenatus,Eastern Massasauga (=rattlesnake),Wherever found,3,Threatened,Reptiles,Wisconsin,,,,,,,,,,,,,,,,,
Plethobasus cyphyus,Sheepnose Mussel,Wherever found,3,Endangered,Clams,Wisconsin,,,,,,,,,,,,,,,,,
Calidris canutus rufa,rufa red knot,Wherever found,5,Threatened,Birds,Wisconsin,,,,,,,,,,,,,,,,,
Myotis septentrionalis,Northern Long-Eared Bat,Wherever found,3,Endangered,Mammals,Wisconsin,,,,,,,,,,,,,,,,,
Oarisma poweshiek,Poweshiek skipperling,Wherever found,3,Endangered,Insects,Wisconsin,,,,,,,,,,,,,,,,,
Bombus affinis,Rusty patched bumble bee,Wherever found,3,Endangered,Insects,Wisconsin,,,,,,,,,,,,,,,,,
Myotis sodalis,Indiana bat,Wherever found,3,Endangered,Mammals,West Virginia,,,,,,,,,,,,,,,,,
Myotis grisescens,Gray bat,Wherever found,3,Endangered,Mammals,West Virginia,,,,,,,,,,,,,,,,,
Corynorhinus (=Plecotus) townsendii virginianus,Virginia big-eared bat,Wherever found,5,Endangered,Mammals,West Virginia,,,,,,,,,,,,,,,,,
Plethodon nettingi,Cheat Mountain salamander,Wherever found,5,Threatened,Amphibians,West Virginia,,,,,,,,,,,,,,,,,
Epioblasma obliquata,Purple Cat's paw (=Purple Cat's paw pearlymussel),Wherever found; Except where listed as Experimental Populations,3,Endangered,Clams,West Virginia,,,,,,,,,,,,,,,,,
Lampsilis abrupta,Pink mucket (pearlymussel),Wherever found,3,Endangered,Clams,West Virginia,,,,,,,,,,,,,,,,,
Epioblasma florentina walkeri (=E. walkeri),Tan riffleshell,Wherever found,4,Endangered,Clams,West Virginia,,,,,,,,,,,,,,,,,
Pleurobema clava,Clubshell,Wherever found; Except where listed as Experimental Populations,5,Endangered,Clams,West Virginia,,,,,,,,,,,,,,,,,
Parvaspina collina,James spinymussel,Wherever found,5,Endangered,Clams,West Virginia,,,,,,,,,,,,,,,,,
Cyprogenia stegaria,Fanshell,Wherever found,4,Endangered,Clams,West Virginia,,,,,,,,,,,,,,,,,
Epioblasma rangiana,Northern riffleshell,Wherever found,5,Endangered,Clams,West Virginia,,,,,,,,,,,,,,,,,
Triodopsis platysayoides,Flat-spired three-toothed Snail,Wherever found,5,Threatened,Snails,West Virginia,,,,,,,,,,,,,,,,,
Antrolana lira,Madison Cave isopod,Wherever found,5,Threatened,Crustaceans,West Virginia,,,,,,,,,,,,,,,,,
Isotria medeoloides,Small whorled pogonia,,5,Threatened,Flowering Plants,West Virginia,,,,,,,,,,,,,,,,,
Scirpus ancistrochaetus,Northeastern bulrush,,5,Endangered,Flowering Plants,West Virginia,,,,,,,,,,,,,,,,,
Platanthera leucophaea,Eastern prairie fringed orchid,Wherever found,3,Threatened,Flowering Plants,West Virginia,,,,,,,,,,,,,,,,,
Ptilimnium nodosum,Harperella,Wherever found,5,Endangered,Flowering Plants,West Virginia,,,,,,,,,,,,,,,,,
Spiraea virginiana,Virginia spiraea,Wherever found,5,Threatened,Flowering Plants,West Virginia,,,,,,,,,,,,,,,,,
Boechera serotina,Shale barren rock cress,Wherever found,5,Endangered,Flowering Plants,West Virginia,,,,,,,,,,,,,,,,,
Cumberlandia monodonta,Spectaclecase (mussel),Wherever found,3,Endangered,Clams,West Virginia,,,,,,,,,,,,,,,,,
Cambarus callainus,Big Sandy crayfish,Wherever found,5,Threatened,Crustaceans,West Virginia,,,,,,,,,,,,,,,,,
Epioblasma triquetra,Snuffbox mussel,Wherever found,3,Endangered,Clams,West Virginia,,,,,,,,,,,,,,,,,
Villosa fabalis,Rayed Bean,Wherever found,3,Endangered,Clams,West Virginia,,,,,,,,,,,,,,,,,
Crystallaria cincotta,diamond Darter,Wherever found,5,Endangered,Fishes,West Virginia,,,,,,,,,,,,,,,,,
Plethobasus cyphyus,Sheepnose Mussel,Wherever found,3,Endangered,Clams,West Virginia,,,,,,,,,,,,,,,,,
Etheostoma osburni,Candy darter,Wherever found,5,Endangered,Fishes,West Virginia,,,,,,,,,,,,,,,,,
Calidris canutus rufa,rufa red knot,Wherever found,5,Threatened,Birds,West Virginia,,,,,,,,,,,,,,,,,
Myotis septentrionalis,Northern Long-Eared Bat,Wherever found,3,Endangered,Mammals,West Virginia,,,,,,,,,,,,,,,,,
Bombus affinis,Rusty patched bumble bee,Wherever found,3,Endangered,Insects,West Virginia,,,,,,,,,,,,,,,,,
Obovaria subrotunda,Round hickorynut,Wherever found,3,Threatened,Clams,West Virginia,,,,,,,,,,,,,,,,,
Fusconaia subrotunda,Longsolid,Wherever found,4,Threatened,Clams,West Virginia,,,,,,,,,,,,,,,,,
Cambarus veteranus,Guyandotte River crayfish,Wherever found,5,Endangered,Crustaceans,West Virginia,,,,,,,,,,,,,,,,,
Ursus arctos horribilis,Grizzly bear,"U.S.A., conterminous (lower 48) States, except where listed as an experimental population",6,Threatened,Mammals,Washington,,,,,,,,,,,,,,,,,
Odocoileus virginianus leucurus,Columbian white-tailed deer,Columbia River DPS,1,Threatened,Mammals,Washington,,,,,,,,,,,,,,,,,
Canis lupus,Gray wolf,"U.S.A.: All of AL, AR, CA, CO, CT, DE, FL, GA, IA, IN, IL, KS, KY, LA, MA, MD, ME, MI, MO, MS, NC, ND, NE, NH, NJ, NV, NY, OH, OK, PA, RI, SC, SD, TN, TX, VA, VT, WI, and WV; and portions of AZ, NM, OR, UT, and WA. Mexico.",6,Endangered,Mammals,Washington,,,,,,,,,,,,,,,,,
Lynx canadensis,Canada Lynx,Wherever Found in Contiguous U.S.,6,Threatened,Mammals,Washington,,,,,,,,,,,,,,,,,
Rangifer tarandus ssp. caribou,Southern Mountain Caribou DPS,Southern Mountain DPS,1,Endangered,Mammals,Washington,,,,,,,,,,,,,,,,,
Pterodroma sandwichensis,Hawaiian petrel,Wherever found,1,Endangered,Birds,Washington,,,,,,,,,,,,,,,,,
Phoebastria (=Diomedea) albatrus,Short-tailed albatross,Wherever found,7,Endangered,Birds,Washington,,,,,,,,,,,,,,,,,
Charadrius nivosus nivosus,Western Snowy Plover,"Pacific Coast population DPS-U.S.A. (CA, OR, WA), Mexico (within 50 miles of Pacific coast)",8,Threatened,Birds,Washington,,,,,,,,,,,,,,,,,
Strix occidentalis caurina,Northern spotted owl,Wherever found,1,Threatened,Birds,Washington,,,,,,,,,,,,,,,,,
Brachyramphus marmoratus,Marbled Murrelet,"U.S.A. (CA, OR, WA)",1,Threatened,Birds,Washington,,,,,,,,,,,,,,,,,
Dermochelys coriacea,Leatherback sea turtle,Wherever found,4,Endangered,Reptiles,Washington,,,,,,,,,,,,,,,,,
Salvelinus confluentus,Bull Trout,"U.S.A., coterminous, lower 48 states",1,Threatened,Fishes,Washington,,,,,,,,,,,,,,,,,
Hackelia venusta,Showy stickseed,Wherever found,1,Endangered,Flowering Plants,Washington,,,,,,,,,,,,,,,,,
Sidalcea oregana var. calva,Wenatchee Mountains checkermallow,Wherever found,1,Endangered,Flowering Plants,Washington,,,,,,,,,,,,,,,,,
Silene spaldingii,Spalding's Catchfly,Wherever found,1,Threatened,Flowering Plants,Washington,,,,,,,,,,,,,,,,,
Arenaria paludicola,Marsh Sandwort,Wherever found,8,Endangered,Flowering Plants,Washington,,,,,,,,,,,,,,,,,
Spiranthes diluvialis,Ute ladies'-tresses,Wherever found,6,Threatened,Flowering Plants,Washington,,,,,,,,,,,,,,,,,
Lupinus sulphureus ssp. kincaidii,Kincaid's Lupine,Wherever found,1,Threatened,Flowering Plants,Washington,,,,,,,,,,,,,,,,,
Brachylagus idahoensis,Pygmy Rabbit,Columbia Basin DPS,1,Endangered,Mammals,Washington,,,,,,,,,,,,,,,,,
Pinus albicaulis,Whitebark pine,Wherever found,6,Threatened,Conifers and Cycads,Washington,,,,,,,,,,,,,,,,,
Thomomys mazama glacialis,Roy Prairie pocket gopher,Wherever found,1,Threatened,Mammals,Washington,,,,,,,,,,,,,,,,,
Gulo gulo luscus,North American wolverine,Wherever found,6,Threatened,Mammals,Washington,,,,,,,,,,,,,,,,,
Rana pretiosa,Oregon spotted frog,Wherever found,1,Threatened,Amphibians,Washington,,,,,,,,,,,,,,,,,
Eremophila alpestris strigata,Streaked Horned lark,Wherever found,1,Threatened,Birds,Washington,,,,,,,,,,,,,,,,,
Physaria douglasii ssp. tuplashensis,White Bluffs bladderpod,Wherever found,1,Threatened,Flowering Plants,Washington,,,,,,,,,,,,,,,,,
Euchloe ausonides insulanus,Island marble Butterfly,Wherever found,1,Endangered,Insects,Washington,,,,,,,,,,,,,,,,,
Eriogonum codium,Umtanum desert buckwheat,Wherever found,1,Threatened,Flowering Plants,Washington,,,,,,,,,,,,,,,,,
Coccyzus americanus,Yellow-billed Cuckoo,Western U.S. DPS,2,Threatened,Birds,Washington,,,,,,,,,,,,,,,,,
Euphydryas editha taylori,Taylor's (=whulge) Checkerspot,Wherever found,1,Endangered,Insects,Washington,,,,,,,,,,,,,,,,,
Thomomys mazama pugetensis,Olympia pocket gopher,Wherever found,1,Threatened,Mammals,Washington,,,,,,,,,,,,,,,,,
Thomomys mazama tumuli,Tenino pocket gopher,Wherever found,1,Threatened,Mammals,Washington,,,,,,,,,,,,,,,,,
Thomomys mazama yelmensis,Yelm pocket gopher,Wherever found,1,Threatened,Mammals,Washington,,,,,,,,,,,,,,,,,
Myotis sodalis,Indiana bat,Wherever found,3,Endangered,Mammals,Virginia,,,,,,,,,,,,,,,,,
Trichechus manatus,West Indian Manatee,Wherever found,4,Threatened,Mammals,Virginia,,,,,,,,,,,,,,,,,
Myotis grisescens,Gray bat,Wherever found,3,Endangered,Mammals,Virginia,,,,,,,,,,,,,,,,,
Corynorhinus (=Plecotus) townsendii virginianus,Virginia big-eared bat,Wherever found,5,Endangered,Mammals,Virginia,,,,,,,,,,,,,,,,,
Glaucomys sabrinus coloratus,Carolina northern flying squirrel,Wherever found,4,Endangered,Mammals,Virginia,,,,,,,,,,,,,,,,,
Picoides borealis,Red-cockaded woodpecker,Wherever found,4,Endangered,Birds,Virginia,,,,,,,,,,,,,,,,,
Charadrius melodus,Piping Plover,"[Atlantic Coast and Northern Great Plains populations] - Wherever found, except those areas where listed as endangered.",5,Threatened,Birds,Virginia,,,,,,,,,,,,,,,,,
Sterna dougallii dougallii,Roseate tern,Northeast U.S. nesting population,5,Endangered,Birds,Virginia,,,,,,,,,,,,,,,,,
Eretmochelys imbricata,Hawksbill sea turtle,Wherever found,4,Endangered,Reptiles,Virginia,,,,,,,,,,,,,,,,,
Dermochelys coriacea,Leatherback sea turtle,Wherever found,4,Endangered,Reptiles,Virginia,,,,,,,,,,,,,,,,,
Lepidochelys kempii,Kemp's ridley sea turtle,Wherever found,2,Endangered,Reptiles,Virginia,,,,,,,,,,,,,,,,,
Plethodon shenandoah,Shenandoah salamander,Wherever found,5,Endangered,Amphibians,Virginia,,,,,,,,,,,,,,,,,
Erimonax monachus,Spotfin Chub,"Wherever found, except where listed as an experimental population",4,Threatened,Fishes,Virginia,,,,,,,,,,,,,,,,,
Percina rex,Roanoke logperch,Wherever found,5,Endangered,Fishes,Virginia,,,,,,,,,,,,,,,,,
Erimystax cahni,Slender chub,Wherever found,4,Threatened,Fishes,Virginia,,,,,,,,,,,,,,,,,
Noturus flavipinnis,Yellowfin madtom,"Wherever found, except where listed as an experimental population",4,Threatened,Fishes,Virginia,,,,,,,,,,,,,,,,,
Phoxinus cumberlandensis,Blackside dace,Wherever found,4,Threatened,Fishes,Virginia,,,,,,,,,,,,,,,,,
Etheostoma percnurum,Duskytail darter,Wherever found,4,Endangered,Fishes,Virginia,,,,,,,,,,,,,,,,,
Villosa perpurpurea,Purple bean,Wherever found,5,Endangered,Clams,Virginia,,,,,,,,,,,,,,,,,
Theliderma sparsa,Appalachian monkeyface (pearlymussel),Wherever found,5,Endangered,Clams,Virginia,,,,,,,,,,,,,,,,,
Theliderma intermedia,Cumberland monkeyface (pearlymussel),Wherever found; Except where listed as Experimental Populations,4,Endangered,Clams,Virginia,,,,,,,,,,,,,,,,,
Lampsilis abrupta,Pink mucket (pearlymussel),Wherever found,3,Endangered,Clams,Virginia,,,,,,,,,,,,,,,,,
Lemiox rimosus,Birdwing pearlymussel,Wherever found; Except where listed as Experimental Populations,4,Endangered,Clams,Virginia,,,,,,,,,,,,,,,,,
Dromus dromas,Dromedary pearlymussel,Wherever found; Except where listed as Experimental Populations,4,Endangered,Clams,Virginia,,,,,,,,,,,,,,,,,
Pegias fabula,Littlewing pearlymussel,Wherever found,4,Endangered,Clams,Virginia,,,,,,,,,,,,,,,,,
Fusconaia cuneolus,Finerayed pigtoe,Wherever found; Except where listed as Experimental Populations,4,Endangered,Clams,Virginia,,,,,,,,,,,,,,,,,
Pleurobema plenum,Rough pigtoe,Wherever found,4,Endangered,Clams,Virginia,,,,,,,,,,,,,,,,,
Fusconaia cor,Shiny pigtoe,Wherever found; Except where listed as Experimental Populations,4,Endangered,Clams,Virginia,,,,,,,,,,,,,,,,,
Quadrula cylindrica strigillata,Rough rabbitsfoot,Wherever found,5,Endangered,Clams,Virginia,,,,,,,,,,,,,,,,,
Epioblasma florentina walkeri (=E. walkeri),Tan riffleshell,Wherever found,4,Endangered,Clams,Virginia,,,,,,,,,,,,,,,,,
Epioblasma brevidens,Cumberlandian combshell,Wherever found; Except where listed as Experimental Populations,4,Endangered,Clams,Virginia,,,,,,,,,,,,,,,,,
Epioblasma capsaeformis,Oyster mussel,Wherever found; Except where listed as Experimental Populations,4,Endangered,Clams,Virginia,,,,,,,,,,,,,,,,,
Hemistena lata,Cracking pearlymussel,Wherever found; Except where listed as Experimental Populations,4,Endangered,Clams,Virginia,,,,,,,,,,,,,,,,,
Parvaspina collina,James spinymussel,Wherever found,5,Endangered,Clams,Virginia,,,,,,,,,,,,,,,,,
Alasmidonta heterodon,Dwarf wedgemussel,Wherever found,5,Endangered,Clams,Virginia,,,,,,,,,,,,,,,,,
Cyprogenia stegaria,Fanshell,Wherever found,4,Endangered,Clams,Virginia,,,,,,,,,,,,,,,,,
Polygyriscus virginianus,Virginia fringed mountain snail,Wherever found,5,Endangered,Snails,Virginia,,,,,,,,,,,,,,,,,
Neonympha mitchellii mitchellii,Mitchell's satyr Butterfly,Wherever found,3,Endangered,Insects,Virginia,,,,,,,,,,,,,,,,,
Habroscelimorpha dorsalis dorsalis,Northeastern beach tiger beetle,Wherever found,5,Threatened,Insects,Virginia,,,,,,,,,,,,,,,,,
Microhexura montivaga,Spruce-fir moss spider,Wherever found,4,Endangered,Arachnids,Virginia,,,,,,,,,,,,,,,,,
Antrolana lira,Madison Cave isopod,Wherever found,5,Threatened,Crustaceans,Virginia,,,,,,,,,,,,,,,,,
Lirceus usdagalun,Lee County cave isopod,Wherever found,5,Endangered,Crustaceans,Virginia,,,,,,,,,,,,,,,,,
Betula uber,Virginia round-leaf birch,Wherever found,5,Threatened,Flowering Plants,Virginia,,,,,,,,,,,,,,,,,
Cardamine micranthera,Small-anthered bittercress,Wherever found,4,Endangered,Flowering Plants,Virginia,,,,,,,,,,,,,,,,,
Geum radiatum,Spreading avens,Wherever found,4,Endangered,Flowering Plants,Virginia,,,,,,,,,,,,,,,,,
Isotria medeoloides,Small whorled pogonia,,5,Threatened,Flowering Plants,Virginia,,,,,,,,,,,,,,,,,
Scirpus ancistrochaetus,Northeastern bulrush,,5,Endangered,Flowering Plants,Virginia,,,,,,,,,,,,,,,,,
Aeschynomene virginica,Sensitive joint-vetch,Wherever found,5,Threatened,Flowering Plants,Virginia,,,,,,,,,,,,,,,,,
Echinacea laevigata,Smooth coneflower,Wherever found,4,Threatened,Flowering Plants,Virginia,,,,,,,,,,,,,,,,,
Hedyotis purpurea var. montana,Roan Mountain bluet,Wherever found,4,Endangered,Flowering Plants,Virginia,,,,,,,,,,,,,,,,,
Helonias bullata,Swamp pink,,5,Threatened,Flowering Plants,Virginia,,,,,,,,,,,,,,,,,
Iliamna corei,Peter's Mountain mallow,Wherever found,5,Endangered,Flowering Plants,Virginia,,,,,,,,,,,,,,,,,
Platanthera leucophaea,Eastern prairie fringed orchid,Wherever found,3,Threatened,Flowering Plants,Virginia,,,,,,,,,,,,,,,,,
Ptilimnium nodosum,Harperella,Wherever found,5,Endangered,Flowering Plants,Virginia,,,,,,,,,,,,,,,,,
Rhus michauxii,Michaux's sumac,Wherever found,4,Endangered,Flowering Plants,Virginia,,,,,,,,,,,,,,,,,
Amaranthus pumilus,Seabeach amaranth,Wherever found,4,Threatened,Flowering Plants,Virginia,,,,,,,,,,,,,,,,,
Helenium virginicum,Virginia sneezeweed,Wherever found,5,Threatened,Flowering Plants,Virginia,,,,,,,,,,,,,,,,,
Spiraea virginiana,Virginia spiraea,Wherever found,5,Threatened,Flowering Plants,Virginia,,,,,,,,,,,,,,,,,
Boechera serotina,Shale barren rock cress,Wherever found,5,Endangered,Flowering Plants,Virginia,,,,,,,,,,,,,,,,,
Gymnoderma lineare,Rock gnome lichen,Wherever found,4,Endangered,Lichens,Virginia,,,,,,,,,,,,,,,,,
Ptychobranchus subtentus,Fluted kidneyshell,Wherever found,4,Endangered,Clams,Virginia,,,,,,,,,,,,,,,,,
Elliptio lanceolata,Yellow lance,Wherever found,4,Threatened,Clams,Virginia,,,,,,,,,,,,,,,,,
Cumberlandia monodonta,Spectaclecase (mussel),Wherever found,3,Endangered,Clams,Virginia,,,,,,,,,,,,,,,,,
Noturus flavipinnis,Yellowfin madtom,"U.S.A. (TN, VA-specified portions of the Holston River and watershed; see 17.84(e)(1)(i))",4,"Experimental Population, Non-Essential",Fishes,Virginia,,,,,,,,,,,,,,,,,
Cambarus callainus,Big Sandy crayfish,Wherever found,5,Threatened,Crustaceans,Virginia,,,,,,,,,,,,,,,,,
Epioblasma triquetra,Snuffbox mussel,Wherever found,3,Endangered,Clams,Virginia,,,,,,,,,,,,,,,,,
Pleuronaia dolabelloides,Slabside Pearlymussel,Wherever found,4,Endangered,Clams,Virginia,,,,,,,,,,,,,,,,,
Fusconaia masoni,Atlantic pigtoe,Wherever found,4,Threatened,Clams,Virginia,,,,,,,,,,,,,,,,,
Plethobasus cyphyus,Sheepnose Mussel,Wherever found,3,Endangered,Clams,Virginia,,,,,,,,,,,,,,,,,
Etheostoma osburni,Candy darter,Wherever found,5,Endangered,Fishes,Virginia,,,,,,,,,,,,,,,,,
Calidris canutus rufa,rufa red knot,Wherever found,5,Threatened,Birds,Virginia,,,,,,,,,,,,,,,,,
Caretta caretta,Loggerhead sea turtle,Northwest Atlantic Ocean DPS,4,Threatened,Reptiles,Virginia,,,,,,,,,,,,,,,,,
Myotis septentrionalis,Northern Long-Eared Bat,Wherever found,3,Endangered,Mammals,Virginia,,,,,,,,,,,,,,,,,
Bombus affinis,Rusty patched bumble bee,Wherever found,3,Endangered,Insects,Virginia,,,,,,,,,,,,,,,,,
Percina williamsi,Sickle darter,Wherever found,4,Threatened,Fishes,Virginia,,,,,,,,,,,,,,,,,
Fusconaia subrotunda,Longsolid,Wherever found,4,Threatened,Clams,Virginia,,,,,,,,,,,,,,,,,
Chelonia mydas,Green sea turtle,North Atlantic DPS,4,Threatened,Reptiles,Virginia,,,,,,,,,,,,,,,,,
Myotis sodalis,Indiana bat,Wherever found,3,Endangered,Mammals,Vermont,,,,,,,,,,,,,,,,,
Lynx canadensis,Canada Lynx,Wherever Found in Contiguous U.S.,6,Threatened,Mammals,Vermont,,,,,,,,,,,,,,,,,
Alasmidonta heterodon,Dwarf wedgemussel,Wherever found,5,Endangered,Clams,Vermont,,,,,,,,,,,,,,,,,
Astragalus robbinsii var. jesupii,Jesup's milk-vetch,Wherever found,5,Endangered,Flowering Plants,Vermont,,,,,,,,,,,,,,,,,
Scirpus ancistrochaetus,Northeastern bulrush,,5,Endangered,Flowering Plants,Vermont,,,,,,,,,,,,,,,,,
Myotis septentrionalis,Northern Long-Eared Bat,Wherever found,3,Endangered,Mammals,Vermont,,,,,,,,,,,,,,,,,
Cynomys parvidens,Utah prairie dog,Wherever found,6,Threatened,Mammals,Utah,,,,,,,,,,,,,,,,,
Lynx canadensis,Canada Lynx,Wherever Found in Contiguous U.S.,6,Threatened,Mammals,Utah,,,,,,,,,,,,,,,,,
Strix occidentalis lucida,Mexican spotted owl,Wherever found,2,Threatened,Birds,Utah,,,,,,,,,,,,,,,,,
Empidonax traillii extimus,Southwestern willow flycatcher,Wherever found,2,Endangered,Birds,Utah,,,,,,,,,,,,,,,,,
Gopherus agassizii,Desert tortoise,"Wherever found, except AZ south and east of Colorado R., and Mexico",8,Threatened,Reptiles,Utah,,,,,,,,,,,,,,,,,
Gila cypha,Humpback chub,Wherever found,6,Threatened,Fishes,Utah,,,,,,,,,,,,,,,,,
Ptychocheilus lucius,Colorado pikeminnow,"Wherever found, except where listed as an experimental population",6,Endangered,Fishes,Utah,,,,,,,,,,,,,,,,,
Oncorhynchus clarkii stomias,Greenback Cutthroat trout,Wherever found,6,Threatened,Fishes,Utah,,,,,,,,,,,,,,,,,
Oncorhynchus clarkii henshawi,Lahontan cutthroat trout,Wherever found,8,Threatened,Fishes,Utah,,,,,,,,,,,,,,,,,
Plagopterus argentissimus,Woundfin,"Wherever found, except where listed as an experimental population",6,Endangered,Fishes,Utah,,,,,,,,,,,,,,,,,
Gila elegans,Bonytail,Wherever found,6,Endangered,Fishes,Utah,,,,,,,,,,,,,,,,,
Gila seminuda (=robusta),Virgin River Chub,Wherever found,6,Endangered,Fishes,Utah,,,,,,,,,,,,,,,,,
Lepidomeda mollispinis pratensis,Big Spring spinedace,Wherever found,8,Threatened,Fishes,Utah,,,,,,,,,,,,,,,,,
Chasmistes liorus,June sucker,Wherever found,6,Threatened,Fishes,Utah,,,,,,,,,,,,,,,,,
Xyrauchen texanus,Razorback sucker,Wherever found,6,Endangered,Fishes,Utah,,,,,,,,,,,,,,,,,
Schoenocrambe suffrutescens,Shrubby reed-mustard,Wherever found,6,Endangered,Flowering Plants,Utah,,,,,,,,,,,,,,,,,
Arctomecon humilis,Dwarf Bear-poppy,Wherever found,6,Endangered,Flowering Plants,Utah,,,,,,,,,,,,,,,,,
Carex specuicola,Navajo sedge,Wherever found,2,Threatened,Flowering Plants,Utah,,,,,,,,,,,,,,,,,
Cycladenia humilis var. jonesii,Jones Cycladenia,Wherever found,6,Threatened,Flowering Plants,Utah,,,,,,,,,,,,,,,,,
Lepidium barnebyanum,Barneby ridge-cress,Wherever found,6,Endangered,Flowering Plants,Utah,,,,,,,,,,,,,,,,,
Lesquerella tumulosa,Kodachrome bladderpod,Wherever found,6,Endangered,Flowering Plants,Utah,,,,,,,,,,,,,,,,,
"<a target=_blank"" ref=""noopener noreferrer"" href=""/ecp/species/3607"">Pediocactus (=Echinocactus=Utahia) sileri</a""",Siler pincushion cactus,Wherever found,2,Threatened,Flowering Plants,Utah,,,,,,,,,,,,,,,,,
Phacelia argillacea,Clay phacelia,Wherever found,6,Endangered,Flowering Plants,Utah,,,,,,,,,,,,,,,,,
Ranunculus aestivalis (=acriformis),Autumn Buttercup,Wherever found,6,Endangered,Flowering Plants,Utah,,,,,,,,,,,,,,,,,
Sclerocactus wrightiae,Wright fishhook cactus,Wherever found,6,Endangered,Flowering Plants,Utah,,,,,,,,,,,,,,,,,
Townsendia aprica,Last Chance townsendia,Wherever found,6,Threatened,Flowering Plants,Utah,,,,,,,,,,,,,,,,,
Asclepias welshii,Welsh's milkweed,Wherever found,6,Threatened,Flowering Plants,Utah,,,,,,,,,,,,,,,,,
Astragalus montii,Heliotrope milk-vetch,Wherever found,6,Threatened,Flowering Plants,Utah,,,,,,,,,,,,,,,,,
Primula maguirei,Maguire primrose,Wherever found,6,Threatened,Flowering Plants,Utah,,,,,,,,,,,,,,,,,
Astragalus holmgreniorum,Holmgren milk-vetch,Wherever found,6,Endangered,Flowering Plants,Utah,,,,,,,,,,,,,,,,,
Pediocactus despainii,San Rafael cactus,Wherever found,6,Endangered,Flowering Plants,Utah,,,,,,,,,,,,,,,,,
Pediocactus winkleri,Winkler cactus,Wherever found,6,Threatened,Flowering Plants,Utah,,,,,,,,,,,,,,,,,
Schoenocrambe barnebyi,Barneby reed-mustard,Wherever found,6,Endangered,Flowering Plants,Utah,,,,,,,,,,,,,,,,,
Spiranthes diluvialis,Ute ladies'-tresses,Wherever found,6,Threatened,Flowering Plants,Utah,,,,,,,,,,,,,,,,,
Astragalus ampullarioides,Shivwits milk-vetch,Wherever found,6,Endangered,Flowering Plants,Utah,,,,,,,,,,,,,,,,,
Schoenocrambe argillacea,Clay reed-mustard,Wherever found,6,Threatened,Flowering Plants,Utah,,,,,,,,,,,,,,,,,
Speyeria nokomis nokomis,Silverspot,Wherever found,6,Threatened,Insects,Utah,,,,,,,,,,,,,,,,,
Gymnogyps californianus,California condor,"U.S.A. (specific portions of Arizona, Nevada, and Utah)",8,"Experimental Population, Non-Essential",Birds,Utah,,,,,,,,,,,,,,,,,
Gulo gulo luscus,North American wolverine,Wherever found,6,Threatened,Mammals,Utah,,,,,,,,,,,,,,,,,
Centrocercus minimus,Gunnison sage-grouse,Wherever found,6,Threatened,Birds,Utah,,,,,,,,,,,,,,,,,
Pediocactus peeblesianus ssp. fickeiseniae,Fickeisen plains cactus,Wherever found,2,Endangered,Flowering Plants,Utah,,,,,,,,,,,,,,,,,
Coccyzus americanus,Yellow-billed Cuckoo,Western U.S. DPS,2,Threatened,Birds,Utah,,,,,,,,,,,,,,,,,
Mustela nigripes,Black-footed ferret,"U.S.A. (WY and specified portions of AZ, CO, MT, SD, and UT, see 17.84(g)(9))",6,"Experimental Population, Non-Essential",Mammals,Utah,,,,,,,,,,,,,,,,,
Sclerocactus brevispinus,Pariette cactus,Wherever found,6,Threatened,Flowering Plants,Utah,,,,,,,,,,,,,,,,,
Sphaeralcea gierischii,Gierisch mallow,Wherever found,2,Endangered,Flowering Plants,Utah,,,,,,,,,,,,,,,,,
Sclerocactus wetlandicus,Uinta Basin hookless cactus,Wherever found,6,Threatened,Flowering Plants,Utah,,,,,,,,,,,,,,,,,
Trichechus manatus,West Indian Manatee,Wherever found,4,Threatened,Mammals,Texas,,,,,,,,,,,,,,,,,
Canis lupus baileyi,Mexican wolf,"Wherever found, except where listed as an experimental population",2,Endangered,Mammals,Texas,,,,,,,,,,,,,,,,,
Puma yagouaroundi cacomitli,Gulf Coast jaguarundi,Wherever found,2,Endangered,Mammals,Texas,,,,,,,,,,,,,,,,,
Leopardus (=Felis) pardalis,Ocelot,wherever found,2,Endangered,Mammals,Texas,,,,,,,,,,,,,,,,,
Leptonycteris nivalis,Mexican long-nosed bat,Wherever found,2,Endangered,Mammals,Texas,,,,,,,,,,,,,,,,,
Grus americana,Whooping crane,"Wherever found, except where listed as an experimental population",2,Endangered,Birds,Texas,,,,,,,,,,,,,,,,,
Tympanuchus cupido attwateri,Attwater's greater prairie-chicken,Wherever found,2,Endangered,Birds,Texas,,,,,,,,,,,,,,,,,
Numenius borealis,Eskimo curlew,Wherever found,7,Endangered,Birds,Texas,,,,,,,,,,,,,,,,,
Picoides borealis,Red-cockaded woodpecker,Wherever found,4,Endangered,Birds,Texas,,,,,,,,,,,,,,,,,
Falco femoralis septentrionalis,Northern Aplomado Falcon,"Wherever found, except where listed as an experimental population",2,Endangered,Birds,Texas,,,,,,,,,,,,,,,,,
Strix occidentalis lucida,Mexican spotted owl,Wherever found,2,Threatened,Birds,Texas,,,,,,,,,,,,,,,,,
Charadrius melodus,Piping Plover,"[Atlantic Coast and Northern Great Plains populations] - Wherever found, except those areas where listed as endangered.",5,Threatened,Birds,Texas,,,,,,,,,,,,,,,,,
Setophaga chrysoparia,golden-cheeked warbler,Wherever found,2,Endangered,Birds,Texas,,,,,,,,,,,,,,,,,
Empidonax traillii extimus,Southwestern willow flycatcher,Wherever found,2,Endangered,Birds,Texas,,,,,,,,,,,,,,,,,
Eretmochelys imbricata,Hawksbill sea turtle,Wherever found,4,Endangered,Reptiles,Texas,,,,,,,,,,,,,,,,,
Dermochelys coriacea,Leatherback sea turtle,Wherever found,4,Endangered,Reptiles,Texas,,,,,,,,,,,,,,,,,
Lepidochelys kempii,Kemp's ridley sea turtle,Wherever found,2,Endangered,Reptiles,Texas,,,,,,,,,,,,,,,,,
Eurycea rathbuni,Texas blind salamander,Wherever found,2,Endangered,Amphibians,Texas,,,,,,,,,,,,,,,,,
Bufo houstonensis,Houston toad,Wherever found,2,Endangered,Amphibians,Texas,,,,,,,,,,,,,,,,,
Eurycea nana,San Marcos salamander,Wherever found,2,Threatened,Amphibians,Texas,,,,,,,,,,,,,,,,,
Eurycea sosorum,Barton Springs salamander,Wherever found,2,Endangered,Amphibians,Texas,,,,,,,,,,,,,,,,,
Gambusia gaigei,Big Bend gambusia,Wherever found,2,Endangered,Fishes,Texas,,,,,,,,,,,,,,,,,
Gambusia heterochir,Clear Creek gambusia,Wherever found,2,Endangered,Fishes,Texas,,,,,,,,,,,,,,,,,
Cyprinodon elegans,Comanche Springs pupfish,Wherever found,2,Endangered,Fishes,Texas,,,,,,,,,,,,,,,,,
Etheostoma fonticola,Fountain darter,Wherever found,2,Endangered,Fishes,Texas,,,,,,,,,,,,,,,,,
Gambusia nobilis,Pecos gambusia,Wherever found,2,Endangered,Fishes,Texas,,,,,,,,,,,,,,,,,
Cyprinodon bovinus,Leon Springs pupfish,Wherever found,2,Endangered,Fishes,Texas,,,,,,,,,,,,,,,,,
Dionda diaboli,Devils River minnow,Wherever found,2,Threatened,Fishes,Texas,,,,,,,,,,,,,,,,,
Notropis girardi,Arkansas River shiner,"Arkansas River Basin (AR, KS, NM, OK, TX)",2,Threatened,Fishes,Texas,,,,,,,,,,,,,,,,,
Hybognathus amarus,Rio Grande Silvery Minnow,"Wherever found, except where listed as an experimental population",2,Endangered,Fishes,Texas,,,,,,,,,,,,,,,,,
Nicrophorus americanus,American burying beetle,"Wherever found, except where listed as an experimental population",2,Threatened,Insects,Texas,,,,,,,,,,,,,,,,,
Batrisodes texanus,Coffin Cave mold beetle,Wherever found,2,Endangered,Insects,Texas,,,,,,,,,,,,,,,,,
Texamaurops reddelli,Kretschmarr Cave mold beetle,Wherever found,2,Endangered,Insects,Texas,,,,,,,,,,,,,,,,,
Rhadine persephone,Tooth Cave ground beetle,Wherever found,2,Endangered,Insects,Texas,,,,,,,,,,,,,,,,,
Heterelmis comalensis,Comal Springs riffle beetle,Wherever found,2,Endangered,Insects,Texas,,,,,,,,,,,,,,,,,
Stygoparnus comalensis,Comal Springs dryopid beetle,Wherever found,2,Endangered,Insects,Texas,,,,,,,,,,,,,,,,,
Rhadine infernalis,[no common name] Beetle,Wherever found,2,Endangered,Insects,Texas,,,,,,,,,,,,,,,,,
Batrisodes venyivi,Helotes mold beetle,Wherever found,2,Endangered,Insects,Texas,,,,,,,,,,,,,,,,,
Rhadine exilis,[no common name] Beetle,Wherever found,2,Endangered,Insects,Texas,,,,,,,,,,,,,,,,,
Texella reddelli,Bee Creek Cave harvestman,Wherever found,2,Endangered,Arachnids,Texas,,,,,,,,,,,,,,,,,
Texella reyesi,Bone Cave harvestman,Wherever found,2,Endangered,Arachnids,Texas,,,,,,,,,,,,,,,,,
Tartarocreagris texana,Tooth Cave pseudoscorpion,Wherever found,2,Endangered,Arachnids,Texas,,,,,,,,,,,,,,,,,
Tayshaneta myopica,Tooth Cave spider,Wherever found,2,Endangered,Arachnids,Texas,,,,,,,,,,,,,,,,,
Texella cokendolpheri,Cokendolpher Cave Harvestman,Wherever found,2,Endangered,Arachnids,Texas,,,,,,,,,,,,,,,,,
Tayshaneta microps,Government Canyon Bat Cave spider,Wherever found,2,Endangered,Arachnids,Texas,,,,,,,,,,,,,,,,,
Cicurina madla,Madla Cave Meshweaver,Wherever found,2,Endangered,Arachnids,Texas,,,,,,,,,,,,,,,,,
Cicurina baronia,Robber Baron Cave Meshweaver,Wherever found,2,Endangered,Arachnids,Texas,,,,,,,,,,,,,,,,,
Cicurina vespera,Government Canyon Bat Cave meshweaver,Wherever found,2,Endangered,Arachnids,Texas,,,,,,,,,,,,,,,,,
Stygobromus (=Stygonectes) pecki,Peck's cave amphipod,Wherever found,2,Endangered,Crustaceans,Texas,,,,,,,,,,,,,,,,,
Astrophytum asterias,Star cactus,Wherever found,2,Endangered,Flowering Plants,Texas,,,,,,,,,,,,,,,,,
Helianthus paradoxus,"Pecos (=puzzle, =paradox) sunflower",Wherever found,2,Threatened,Flowering Plants,Texas,,,,,,,,,,,,,,,,,
Physaria thamnophila,Zapata bladderpod,Wherever found,2,Endangered,Flowering Plants,Texas,,,,,,,,,,,,,,,,,
Thymophylla tephroleuca,Ashy dogweed,Wherever found,2,Endangered,Flowering Plants,Texas,,,,,,,,,,,,,,,,,
Ambrosia cheiranthifolia,South Texas ambrosia,Wherever found,2,Endangered,Flowering Plants,Texas,,,,,,,,,,,,,,,,,
Sclerocactus brevihamatus ssp. tobuschii,Tobusch fishhook cactus,Wherever found,2,Threatened,Flowering Plants,Texas,,,,,,,,,,,,,,,,,
Callirhoe scabriuscula,Texas poppy-mallow,Wherever found,2,Endangered,Flowering Plants,Texas,,,,,,,,,,,,,,,,,
Escobaria minima,Nellie''s cory cactus,Wherever found,2,Endangered,Flowering Plants,Texas,,,,,,,,,,,,,,,,,
Coryphantha ramillosa,Bunched cory cactus,Wherever found,2,Threatened,Flowering Plants,Texas,,,,,,,,,,,,,,,,,
Coryphantha sneedii var. sneedii,Sneed pincushion cactus,Wherever found,2,Endangered,Flowering Plants,Texas,,,,,,,,,,,,,,,,,
Echinocereus fendleri var. kuenzleri,Kuenzler hedgehog cactus,Wherever found,2,Threatened,Flowering Plants,Texas,,,,,,,,,,,,,,,,,
Echinocereus reichenbachii var. albertii,Black lace cactus,Wherever found,2,Endangered,Flowering Plants,Texas,,,,,,,,,,,,,,,,,
Echinocereus viridiflorus var. davisii,Davis' green pitaya,Wherever found,2,Endangered,Flowering Plants,Texas,,,,,,,,,,,,,,,,,
Sclerocactus mariposensis,Lloyd''s Mariposa cactus,Wherever found,2,Threatened,Flowering Plants,Texas,,,,,,,,,,,,,,,,,
Geocarpon minimum,No common name,Wherever found,4,Threatened,Flowering Plants,Texas,,,,,,,,,,,,,,,,,
Hoffmannseggia tenella,Slender rush-pea,Wherever found,2,Endangered,Flowering Plants,Texas,,,,,,,,,,,,,,,,,
Manihot walkerae,Walker's manioc,Wherever found,2,Endangered,Flowering Plants,Texas,,,,,,,,,,,,,,,,,
Phlox nivalis ssp. texensis,Texas trailing phlox,Wherever found,2,Endangered,Flowering Plants,Texas,,,,,,,,,,,,,,,,,
Potamogeton clystocarpus,Little Aguja (=Creek) Pondweed,Wherever found,2,Endangered,Flowering Plants,Texas,,,,,,,,,,,,,,,,,
Quercus hinckleyi,Hinckley oak,Wherever found,2,Threatened,Flowering Plants,Texas,,,,,,,,,,,,,,,,,
Spiranthes parksii,Navasota ladies-tresses,Wherever found,2,Endangered,Flowering Plants,Texas,,,,,,,,,,,,,,,,,
Styrax platanifolius ssp. texanus,Texas snowbells,Wherever found,2,Endangered,Flowering Plants,Texas,,,,,,,,,,,,,,,,,
Zizania texana,Texas wild-rice,Wherever found,2,Endangered,Flowering Plants,Texas,,,,,,,,,,,,,,,,,
Abronia macrocarpa,Large-fruited sand-verbena,Wherever found,2,Endangered,Flowering Plants,Texas,,,,,,,,,,,,,,,,,
Cryptantha crassipes,Terlingua Creek cat's-eye,Wherever found,2,Endangered,Flowering Plants,Texas,,,,,,,,,,,,,,,,,
Echinocereus chisoensis var. chisoensis,Chisos Mountain hedgehog Cactus,Wherever found,2,Threatened,Flowering Plants,Texas,,,,,,,,,,,,,,,,,
Schwalbea americana,American chaffseed,Wherever found,4,Endangered,Flowering Plants,Texas,,,,,,,,,,,,,,,,,
Physaria pallida,White bladderpod,Wherever found,2,Endangered,Flowering Plants,Texas,,,,,,,,,,,,,,,,,
Hymenoxys texana,Texas prairie dawn-flower,Wherever found,2,Endangered,Flowering Plants,Texas,,,,,,,,,,,,,,,,,
Ayenia limitaris,Texas ayenia,Wherever found,2,Endangered,Flowering Plants,Texas,,,,,,,,,,,,,,,,,
Assiminea pecos,Pecos assiminea snail,Wherever found,2,Endangered,Snails,Texas,,,,,,,,,,,,,,,,,
Leavenworthia texana,Texas golden Gladecress,Wherever found,2,Endangered,Flowering Plants,Texas,,,,,,,,,,,,,,,,,
Streptanthus bracteatus,Bracted twistflower,Wherever found,2,Threatened,Flowering Plants,Texas,,,,,,,,,,,,,,,,,
Popenaias popeii,Texas Hornshell,Wherever found,2,Endangered,Clams,Texas,,,,,,,,,,,,,,,,,
Notropis oxyrhynchus,Sharpnose Shiner,Wherever found,2,Endangered,Fishes,Texas,,,,,,,,,,,,,,,,,
Asclepias prostrata,Prostrate milkweed,,2,Endangered,Flowering Plants,Texas,,,,,,,,,,,,,,,,,
Pituophis ruthveni,Louisiana pinesnake,Wherever found,4,Threatened,Reptiles,Texas,,,,,,,,,,,,,,,,,
Macrhybopsis tetranema,Peppered chub,Wherever found,2,Endangered,Fishes,Texas,,,,,,,,,,,,,,,,,
Pseudotryonia adamantina,Diamond Tryonia,Wherever found,2,Endangered,Snails,Texas,,,,,,,,,,,,,,,,,
Pyrgulopsis texana,Phantom Springsnail,Wherever found,2,Endangered,Snails,Texas,,,,,,,,,,,,,,,,,
Tryonia circumstriata (=stocktonensis),Gonzales tryonia,Wherever found,2,Endangered,Snails,Texas,,,,,,,,,,,,,,,,,
Eurycea naufragia,Georgetown Salamander,Wherever found,2,Threatened,Amphibians,Texas,,,,,,,,,,,,,,,,,
Tryonia cheatumi,Phantom Tryonia,Wherever found,2,Endangered,Snails,Texas,,,,,,,,,,,,,,,,,
Eurycea waterlooensis,Austin blind Salamander,Wherever found,2,Endangered,Amphibians,Texas,,,,,,,,,,,,,,,,,
Gammarus pecos,Pecos amphipod,Wherever found,2,Endangered,Crustaceans,Texas,,,,,,,,,,,,,,,,,
Hibiscus dasycalyx,Neches River rose-mallow,Wherever found,2,Threatened,Flowering Plants,Texas,,,,,,,,,,,,,,,,,
Festuca ligulata,Guadalupe fescue,Wherever found,2,Endangered,Flowering Plants,Texas,,,,,,,,,,,,,,,,,
Coccyzus americanus,Yellow-billed Cuckoo,Western U.S. DPS,2,Threatened,Birds,Texas,,,,,,,,,,,,,,,,,
Eurycea chisholmensis,Salado Salamander,Wherever found,2,Threatened,Amphibians,Texas,,,,,,,,,,,,,,,,,
Notropis buccula,Smalleye Shiner,Wherever found,2,Endangered,Fishes,Texas,,,,,,,,,,,,,,,,,
Gammarus hyalleloides,Diminutive Amphipod,Wherever found,2,Endangered,Crustaceans,Texas,,,,,,,,,,,,,,,,,
Eurycea tonkawae,Jollyville Plateau Salamander,Wherever found,2,Threatened,Amphibians,Texas,,,,,,,,,,,,,,,,,
Prietella phreatophila,Mexican blindcat (catfish),Wherever found,Foreign,Endangered,Fishes,Texas,,,,,,,,,,,,,,,,,
Alligator mississippiensis,American alligator,Wherever found,4,Similarity of Appearance (Threatened),Reptiles,Texas,,,,,,,,,,,,,,,,,
Calidris canutus rufa,rufa red knot,Wherever found,5,Threatened,Birds,Texas,,,,,,,,,,,,,,,,,
Caretta caretta,Loggerhead sea turtle,Northwest Atlantic Ocean DPS,4,Threatened,Reptiles,Texas,,,,,,,,,,,,,,,,,
Myotis septentrionalis,Northern Long-Eared Bat,Wherever found,3,Endangered,Mammals,Texas,,,,,,,,,,,,,,,,,
Hybognathus amarus,Rio Grande Silvery Minnow,"Rio Grande, from Little Box Canyon to Amistad Dam",2,"Experimental Population, Non-Essential",Fishes,Texas,,,,,,,,,,,,,,,,,
Grus americana,Whooping crane,U.S.A (Southwestern Louisiana),2,"Experimental Population, Non-Essential",Birds,Texas,,,,,,,,,,,,,,,,,
Chelonia mydas,Green sea turtle,North Atlantic DPS,4,Threatened,Reptiles,Texas,,,,,,,,,,,,,,,,,
Laterallus jamaicensis ssp. jamaicensis,Eastern Black rail,Wherever found,4,Threatened,Birds,Texas,,,,,,,,,,,,,,,,,
Glaucidium brasilianum cactorum,Cactus ferruginous pygmy-owl,Wherever found,2,Threatened,Birds,Texas,,,,,,,,,,,,,,,,,
Myotis sodalis,Indiana bat,Wherever found,3,Endangered,Mammals,Tennessee,,,,,,,,,,,,,,,,,
Myotis grisescens,Gray bat,Wherever found,3,Endangered,Mammals,Tennessee,,,,,,,,,,,,,,,,,
Corynorhinus (=Plecotus) townsendii virginianus,Virginia big-eared bat,Wherever found,5,Endangered,Mammals,Tennessee,,,,,,,,,,,,,,,,,
Glaucomys sabrinus coloratus,Carolina northern flying squirrel,Wherever found,4,Endangered,Mammals,Tennessee,,,,,,,,,,,,,,,,,
Charadrius melodus,Piping Plover,"[Atlantic Coast and Northern Great Plains populations] - Wherever found, except those areas where listed as endangered.",5,Threatened,Birds,Tennessee,,,,,,,,,,,,,,,,,
Erimonax monachus,Spotfin Chub,"Wherever found, except where listed as an experimental population",4,Threatened,Fishes,Tennessee,,,,,,,,,,,,,,,,,
Etheostoma boschungi,Slackwater darter,Wherever found,4,Threatened,Fishes,Tennessee,,,,,,,,,,,,,,,,,
Erimystax cahni,Slender chub,Wherever found,4,Threatened,Fishes,Tennessee,,,,,,,,,,,,,,,,,
Noturus flavipinnis,Yellowfin madtom,"Wherever found, except where listed as an experimental population",4,Threatened,Fishes,Tennessee,,,,,,,,,,,,,,,,,
Noturus baileyi,Smoky madtom,Wherever found,4,Endangered,Fishes,Tennessee,,,,,,,,,,,,,,,,,
Noturus stanauli,Pygmy madtom,Wherever found,4,Endangered,Fishes,Tennessee,,,,,,,,,,,,,,,,,
Percina antesella,Amber darter,Wherever found,4,Endangered,Fishes,Tennessee,,,,,,,,,,,,,,,,,
Percina jenkinsi,Conasauga logperch,Wherever found,4,Endangered,Fishes,Tennessee,,,,,,,,,,,,,,,,,
Phoxinus cumberlandensis,Blackside dace,Wherever found,4,Threatened,Fishes,Tennessee,,,,,,,,,,,,,,,,,
Etheostoma wapiti,Boulder darter,Wherever found,4,Endangered,Fishes,Tennessee,,,,,,,,,,,,,,,,,
Percina aurolineata,Goldline darter,Wherever found,4,Threatened,Fishes,Tennessee,,,,,,,,,,,,,,,,,
Cyprinella caerulea,Blue shiner,Wherever found,4,Threatened,Fishes,Tennessee,,,,,,,,,,,,,,,,,
Scaphirhynchus albus,Pallid sturgeon,Wherever found,6,Endangered,Fishes,Tennessee,,,,,,,,,,,,,,,,,
Etheostoma akatulo,bluemask darter,Wherever found,4,Endangered,Fishes,Tennessee,,,,,,,,,,,,,,,,,
Etheostoma percnurum,Duskytail darter,Wherever found,4,Endangered,Fishes,Tennessee,,,,,,,,,,,,,,,,,
Villosa trabalis,Cumberland bean (pearlymussel),Wherever found; Except where listed as Experimental Populations,4,Endangered,Clams,Tennessee,,,,,,,,,,,,,,,,,
Villosa perpurpurea,Purple bean,Wherever found,5,Endangered,Clams,Tennessee,,,,,,,,,,,,,,,,,
Epioblasma obliquata,Purple Cat's paw (=Purple Cat's paw pearlymussel),Wherever found; Except where listed as Experimental Populations,3,Endangered,Clams,Tennessee,,,,,,,,,,,,,,,,,
Lampsilis virescens,Alabama lampmussel,Wherever found; Except where listed as Experimental Populations,4,Endangered,Clams,Tennessee,,,,,,,,,,,,,,,,,
Toxolasma cylindrellus,Pale lilliput (pearlymussel),Wherever found,4,Endangered,Clams,Tennessee,,,,,,,,,,,,,,,,,
Quadrula fragosa,Winged Mapleleaf,"Wherever found, except where listed as an experimental population",3,Endangered,Clams,Tennessee,,,,,,,,,,,,,,,,,
Theliderma sparsa,Appalachian monkeyface (pearlymussel),Wherever found,5,Endangered,Clams,Tennessee,,,,,,,,,,,,,,,,,
Theliderma intermedia,Cumberland monkeyface (pearlymussel),Wherever found; Except where listed as Experimental Populations,4,Endangered,Clams,Tennessee,,,,,,,,,,,,,,,,,
Lampsilis abrupta,Pink mucket (pearlymussel),Wherever found,3,Endangered,Clams,Tennessee,,,,,,,,,,,,,,,,,
Lemiox rimosus,Birdwing pearlymussel,Wherever found; Except where listed as Experimental Populations,4,Endangered,Clams,Tennessee,,,,,,,,,,,,,,,,,
Dromus dromas,Dromedary pearlymussel,Wherever found; Except where listed as Experimental Populations,4,Endangered,Clams,Tennessee,,,,,,,,,,,,,,,,,
Pegias fabula,Littlewing pearlymussel,Wherever found,4,Endangered,Clams,Tennessee,,,,,,,,,,,,,,,,,
Plethobasus cicatricosus,White wartyback (pearlymussel),Wherever found,4,Endangered,Clams,Tennessee,,,,,,,,,,,,,,,,,
Fusconaia cuneolus,Finerayed pigtoe,Wherever found; Except where listed as Experimental Populations,4,Endangered,Clams,Tennessee,,,,,,,,,,,,,,,,,
Pleurobema plenum,Rough pigtoe,Wherever found,4,Endangered,Clams,Tennessee,,,,,,,,,,,,,,,,,
Fusconaia cor,Shiny pigtoe,Wherever found; Except where listed as Experimental Populations,4,Endangered,Clams,Tennessee,,,,,,,,,,,,,,,,,
Plethobasus cooperianus,Orangefoot pimpleback (pearlymussel),Wherever found,4,Endangered,Clams,Tennessee,,,,,,,,,,,,,,,,,
Obovaria retusa,Ring pink (mussel),Wherever found,4,Endangered,Clams,Tennessee,,,,,,,,,,,,,,,,,
Potamilus capax,Fat pocketbook,Wherever found,4,Endangered,Clams,Tennessee,,,,,,,,,,,,,,,,,
Quadrula cylindrica strigillata,Rough rabbitsfoot,Wherever found,5,Endangered,Clams,Tennessee,,,,,,,,,,,,,,,,,
Epioblasma florentina walkeri (=E. walkeri),Tan riffleshell,Wherever found,4,Endangered,Clams,Tennessee,,,,,,,,,,,,,,,,,
Pleurobema clava,Clubshell,Wherever found; Except where listed as Experimental Populations,5,Endangered,Clams,Tennessee,,,,,,,,,,,,,,,,,
Epioblasma brevidens,Cumberlandian combshell,Wherever found; Except where listed as Experimental Populations,4,Endangered,Clams,Tennessee,,,,,,,,,,,,,,,,,
Alasmidonta raveneliana,Appalachian elktoe,Wherever found,4,Endangered,Clams,Tennessee,,,,,,,,,,,,,,,,,
Alasmidonta atropurpurea,Cumberland elktoe,Wherever found,4,Endangered,Clams,Tennessee,,,,,,,,,,,,,,,,,
Epioblasma capsaeformis,Oyster mussel,Wherever found; Except where listed as Experimental Populations,4,Endangered,Clams,Tennessee,,,,,,,,,,,,,,,,,
Hemistena lata,Cracking pearlymussel,Wherever found; Except where listed as Experimental Populations,4,Endangered,Clams,Tennessee,,,,,,,,,,,,,,,,,
Cyprogenia stegaria,Fanshell,Wherever found,4,Endangered,Clams,Tennessee,,,,,,,,,,,,,,,,,
Hamiota altilis,Finelined pocketbook,Wherever found,4,Threatened,Clams,Tennessee,,,,,,,,,,,,,,,,,
Pleuronaia gibber,Cumberland pigtoe,Wherever found,4,Endangered,Clams,Tennessee,,,,,,,,,,,,,,,,,
Pleurobema perovatum,Ovate clubshell,Wherever found,4,Endangered,Clams,Tennessee,,,,,,,,,,,,,,,,,
Pleurobema decisum,Southern clubshell,Wherever found,4,Endangered,Clams,Tennessee,,,,,,,,,,,,,,,,,
Ptychobranchus greenii,Triangular Kidneyshell,Wherever found,4,Endangered,Clams,Tennessee,,,,,,,,,,,,,,,,,
Medionidus acutissimus,Alabama moccasinshell,Wherever found,4,Threatened,Clams,Tennessee,,,,,,,,,,,,,,,,,
Medionidus parvulus,Coosa moccasinshell,Wherever found,4,Endangered,Clams,Tennessee,,,,,,,,,,,,,,,,,
Pleurobema georgianum,Southern pigtoe,Wherever found,4,Endangered,Clams,Tennessee,,,,,,,,,,,,,,,,,
Anguispira picta,Painted snake coiled forest snail,Wherever found,4,Threatened,Snails,Tennessee,,,,,,,,,,,,,,,,,
Athearnia anthonyi,Anthony's riversnail,Wherever found; Except where listed as Experimental Populations,4,Endangered,Snails,Tennessee,,,,,,,,,,,,,,,,,
Marstonia ogmorhaphe,Royal marstonia (snail),Wherever found,4,Endangered,Snails,Tennessee,,,,,,,,,,,,,,,,,
Microhexura montivaga,Spruce-fir moss spider,Wherever found,4,Endangered,Arachnids,Tennessee,,,,,,,,,,,,,,,,,
Orconectes shoupi,Nashville crayfish,Wherever found,4,Endangered,Crustaceans,Tennessee,,,,,,,,,,,,,,,,,
Lesquerella perforata,Spring Creek bladderpod,Wherever found,4,Endangered,Flowering Plants,Tennessee,,,,,,,,,,,,,,,,,
Apios priceana,Price''s potato-bean,,4,Threatened,Flowering Plants,Tennessee,,,,,,,,,,,,,,,,,
Arabis perstellata,Braun's rock-cress,Wherever found,4,Endangered,Flowering Plants,Tennessee,,,,,,,,,,,,,,,,,
Conradina verticillata,Cumberland rosemary,Wherever found,4,Threatened,Flowering Plants,Tennessee,,,,,,,,,,,,,,,,,
Geum radiatum,Spreading avens,Wherever found,4,Endangered,Flowering Plants,Tennessee,,,,,,,,,,,,,,,,,
Isotria medeoloides,Small whorled pogonia,,5,Threatened,Flowering Plants,Tennessee,,,,,,,,,,,,,,,,,
Dalea foliosa,Leafy prairie-clover,,3,Endangered,Flowering Plants,Tennessee,,,,,,,,,,,,,,,,,
Hedyotis purpurea var. montana,Roan Mountain bluet,Wherever found,4,Endangered,Flowering Plants,Tennessee,,,,,,,,,,,,,,,,,
Lindera melissifolia,Pondberry,Wherever found,4,Endangered,Flowering Plants,Tennessee,,,,,,,,,,,,,,,,,
Scutellaria montana,Large-flowered skullcap,Wherever found,4,Threatened,Flowering Plants,Tennessee,,,,,,,,,,,,,,,,,
Solidago spithamaea,Blue Ridge goldenrod,Wherever found,4,Threatened,Flowering Plants,Tennessee,,,,,,,,,,,,,,,,,
Xyris tennesseensis,Tennessee yellow-eyed grass,Wherever found,4,Endangered,Flowering Plants,Tennessee,,,,,,,,,,,,,,,,,
Pityopsis ruthii,Ruth's golden aster,Wherever found,4,Endangered,Flowering Plants,Tennessee,,,,,,,,,,,,,,,,,
Spiraea virginiana,Virginia spiraea,Wherever found,5,Threatened,Flowering Plants,Tennessee,,,,,,,,,,,,,,,,,
Astragalus bibullatus,Guthrie's (=Pyne's) ground-plum,Wherever found,4,Endangered,Flowering Plants,Tennessee,,,,,,,,,,,,,,,,,
Clematis morefieldii,Morefield''s leather flower,,4,Endangered,Flowering Plants,Tennessee,,,,,,,,,,,,,,,,,
Asplenium scolopendrium var. americanum,American hart's-tongue fern,Wherever found,5,Threatened,Ferns and Allies,Tennessee,,,,,,,,,,,,,,,,,
Gymnoderma lineare,Rock gnome lichen,Wherever found,4,Endangered,Lichens,Tennessee,,,,,,,,,,,,,,,,,
Platanthera integrilabia,White fringeless orchid,,4,Threatened,Flowering Plants,Tennessee,,,,,,,,,,,,,,,,,
Ptychobranchus subtentus,Fluted kidneyshell,Wherever found,4,Endangered,Clams,Tennessee,,,,,,,,,,,,,,,,,
Physaria globosa,Short's bladderpod,Wherever found,4,Endangered,Flowering Plants,Tennessee,,,,,,,,,,,,,,,,,
Helianthus verticillatus,Whorled Sunflower,,4,Endangered,Flowering Plants,Tennessee,,,,,,,,,,,,,,,,,
Erimonax monachus,Spotfin Chub,U.S.A. (TN-specified portions of the Tellico River; see 17.84(m)(1)(i)),4,"Experimental Population, Non-Essential",Fishes,Tennessee,,,,,,,,,,,,,,,,,
Noturus flavipinnis,Yellowfin madtom,U.S.A. (TN-specified portions of the Tellico River; see 17.84(e)(1)(ii)),4,"Experimental Population, Non-Essential",Fishes,Tennessee,,,,,,,,,,,,,,,,,
Etheostoma trisella,Trispot darter,Wherever found,4,Threatened,Fishes,Tennessee,,,,,,,,,,,,,,,,,
Quadrula cylindrica cylindrica,Rabbitsfoot,Wherever found,4,Threatened,Clams,Tennessee,,,,,,,,,,,,,,,,,
Pleurobema hanleyianum,Georgia pigtoe,Wherever found,4,Endangered,Clams,Tennessee,,,,,,,,,,,,,,,,,
Fundulus julisia,Barrens topminnow,Wherever found,4,Endangered,Fishes,Tennessee,,,,,,,,,,,,,,,,,
Cumberlandia monodonta,Spectaclecase (mussel),Wherever found,3,Endangered,Clams,Tennessee,,,,,,,,,,,,,,,,,
Epioblasma triquetra,Snuffbox mussel,Wherever found,3,Endangered,Clams,Tennessee,,,,,,,,,,,,,,,,,
Etheostoma susanae,Cumberland darter,Wherever found,4,Endangered,Fishes,Tennessee,,,,,,,,,,,,,,,,,
Glyptemys muhlenbergii,bog turtle,"U.S.A. (GA, NC, SC, TN, VA)",4,Similarity of Appearance (Threatened),Reptiles,Tennessee,,,,,,,,,,,,,,,,,
Noturus baileyi,Smoky madtom,"Tellico River, TN",4,"Experimental Population, Non-Essential",Fishes,Tennessee,,,,,,,,,,,,,,,,,
Villosa fabalis,Rayed Bean,Wherever found,3,Endangered,Clams,Tennessee,,,,,,,,,,,,,,,,,
Etheostoma percnurum,Duskytail darter,"Tellico River, TN",4,"Experimental Population, Non-Essential",Fishes,Tennessee,,,,,,,,,,,,,,,,,
Pleuronaia dolabelloides,Slabside Pearlymussel,Wherever found,4,Endangered,Clams,Tennessee,,,,,,,,,,,,,,,,,
Noturus crypticus,Chucky Madtom,Wherever found,4,Endangered,Fishes,Tennessee,,,,,,,,,,,,,,,,,
Grus americana,Whooping crane,"U.S.A. (AL, AR, CO, FL, GA, ID, IL, IN, IA, KY, LA, MI, MN, MS, MO, NC, NM, OH, SC, TN, UT, VA, WI, WV, western half of WY)",2,"Experimental Population, Non-Essential",Birds,Tennessee,,,,,,,,,,,,,,,,,
Plethobasus cyphyus,Sheepnose Mussel,Wherever found,3,Endangered,Clams,Tennessee,,,,,,,,,,,,,,,,,
Calidris canutus rufa,rufa red knot,Wherever found,5,Threatened,Birds,Tennessee,,,,,,,,,,,,,,,,,
Etheostoma wapiti,Boulder darter,Shoal Creek,4,"Experimental Population, Non-Essential",Fishes,Tennessee,,,,,,,,,,,,,,,,,
Erimonax monachus,Spotfin Chub,"U.S.A. (AL, TN-specified portions of Shoal Creek; see 17.84(m)(1)(ii))",4,"Experimental Population, Non-Essential",Fishes,Tennessee,,,,,,,,,,,,,,,,,
Chrosomus saylori,Laurel dace,Wherever found,4,Endangered,Fishes,Tennessee,,,,,,,,,,,,,,,,,
Theliderma sparsa,Appalachian monkeyface (pearlymussel),USA (TN - specified portions of the French Broad and Holston Rivers; see 17.85(b)(1)),4,"Experimental Population, Non-Essential",Clams,Tennessee,,,,,,,,,,,,,,,,,
Lemiox rimosus,Birdwing pearlymussel,U.S.A. (TN - specified portions of the French Broad and Holston Rivers; see 17.85(b)(1)),4,"Experimental Population, Non-Essential",Clams,Tennessee,,,,,,,,,,,,,,,,,
Hemistena lata,Cracking pearlymussel,U.S.A. (TN - specified portions of the French Broad and Holston Rivers; see 17.85(b)(1)),4,"Experimental Population, Non-Essential",Clams,Tennessee,,,,,,,,,,,,,,,,,
Villosa trabalis,Cumberland bean (pearlymussel),U.S.A. (TN - specified portions of the French Broad and Holston Rivers; see 17.85(b)(1)),4,"Experimental Population, Non-Essential",Clams,Tennessee,,,,,,,,,,,,,,,,,
Epioblasma brevidens,Cumberlandian combshell,U.S.A. (TN - specified portions of the French Broad and Holston Rivers; see 17.85(b)(1)),4,"Experimental Population, Non-Essential",Clams,Tennessee,,,,,,,,,,,,,,,,,
Theliderma intermedia,Cumberland monkeyface (pearlymussel),U.S.A. (TN - specified portions of the French Broad and Holston Rivers; see 17.85(b)(1)),4,"Experimental Population, Non-Essential",Clams,Tennessee,,,,,,,,,,,,,,,,,
Dromus dromas,Dromedary pearlymussel,U.S.A. (TN - specified portions of the French Broad and Holston Rivers; see 17.85(b)(1)),4,"Experimental Population, Non-Essential",Clams,Tennessee,,,,,,,,,,,,,,,,,
Cyprogenia stegaria,Fanshell,U.S.A. (TN - specified portions of the French Broad and Holston Rivers; see 17.85(b)(1)),4,"Experimental Population, Non-Essential",Clams,Tennessee,,,,,,,,,,,,,,,,,
Fusconaia cuneolus,Finerayed pigtoe,U.S.A. (TN - specified portions of the French Broad and Holston Rivers; see 17.85(b)(1)),4,"Experimental Population, Non-Essential",Clams,Tennessee,,,,,,,,,,,,,,,,,
Plethobasus cooperianus,Orangefoot pimpleback (pearlymussel),U.S.A. (TN - specified portions of the French Broad and Holston Rivers; see 17.85(b)(1)),4,"Experimental Population, Non-Essential",Clams,Tennessee,,,,,,,,,,,,,,,,,
Epioblasma capsaeformis,Oyster mussel,U.S.A. (TN - specified portions of the French Broad and Holston Rivers; see 17.85(b)(1)),4,"Experimental Population, Non-Essential",Clams,Tennessee,,,,,,,,,,,,,,,,,
Obovaria retusa,Ring pink (mussel),U.S.A. (TN - specified portions of the French Broad and Holston Rivers; see 17.85(b)(1)),4,"Experimental Population, Non-Essential",Clams,Tennessee,,,,,,,,,,,,,,,,,
Pleurobema plenum,Rough pigtoe,U.S.A. (TN - specified portions of the French Broad and Holston Rivers; see 17.85(b)(1)),4,"Experimental Population, Non-Essential",Clams,Tennessee,,,,,,,,,,,,,,,,,
Fusconaia cor,Shiny pigtoe,U.S.A. (TN - specified portions of the French Broad and Holston Rivers; see 17.85(b)(1)),4,"Experimental Population, Non-Essential",Clams,Tennessee,,,,,,,,,,,,,,,,,
Plethobasus cicatricosus,White wartyback (pearlymussel),U.S.A. (TN - specified portions of the French Broad and Holston Rivers; see 17.85(b)(1)),4,"Experimental Population, Non-Essential",Clams,Tennessee,,,,,,,,,,,,,,,,,
Etheostoma percnurum,Duskytail darter,U.S.A. (TN - specified portions of the French Broad and Holston Rivers; see 17.84(q)(1)(ii)),4,"Experimental Population, Non-Essential",Fishes,Tennessee,,,,,,,,,,,,,,,,,
Noturus stanauli,Pygmy madtom,U.S.A. (TN - specified portions of the French Broad and Holston Rivers; see 17.84(t)(1)(i)),4,"Experimental Population, Non-Essential",Fishes,Tennessee,,,,,,,,,,,,,,,,,
Erimystax cahni,Slender chub,U.S.A. (TN - specified portions of the French Broad and Holston  Rivers; see 17.84(s)(1)(i)),4,"Experimental Population, Non-Essential",Fishes,Tennessee,,,,,,,,,,,,,,,,,
Erimonax monachus,Spotfin Chub,U.S.A. (TN-specified portions of the French Broad and Holston Rivers; see 17.84(m)(1)(iii)),4,"Experimental Population, Non-Essential",Fishes,Tennessee,,,,,,,,,,,,,,,,,
Noturus flavipinnis,Yellowfin madtom,U.S.A. (TN - specified portions of the French Broad and Holston Rivers; see 17.84(e)(1)(iii)),4,"Experimental Population, Non-Essential",Fishes,Tennessee,,,,,,,,,,,,,,,,,
Athearnia anthonyi,Anthony's riversnail,U.S.A. (TN - specified portions of the French Broad and Holston Rivers; see 17.85(b)(1)),4,"Experimental Population, Non-Essential",Snails,Tennessee,,,,,,,,,,,,,,,,,
Myotis septentrionalis,Northern Long-Eared Bat,Wherever found,3,Endangered,Mammals,Tennessee,,,,,,,,,,,,,,,,,
Percina williamsi,Sickle darter,Wherever found,4,Threatened,Fishes,Tennessee,,,,,,,,,,,,,,,,,
Obovaria subrotunda,Round hickorynut,Wherever found,3,Threatened,Clams,Tennessee,,,,,,,,,,,,,,,,,
Fusconaia subrotunda,Longsolid,Wherever found,4,Threatened,Clams,Tennessee,,,,,,,,,,,,,,,,,
Laterallus jamaicensis ssp. jamaicensis,Eastern Black rail,Wherever found,4,Threatened,Birds,Tennessee,,,,,,,,,,,,,,,,,
Noturus munitus,Frecklebelly madtom,Upper Coosa River DPS,4,Threatened,Fishes,Tennessee,,,,,,,,,,,,,,,,,
Mustela nigripes,Black-footed ferret,"Wherever found, except where listed as an experimental population",6,Endangered,Mammals,South Dakota,,,,,,,,,,,,,,,,,
Grus americana,Whooping crane,"Wherever found, except where listed as an experimental population",2,Endangered,Birds,South Dakota,,,,,,,,,,,,,,,,,
Charadrius melodus,Piping Plover,"[Atlantic Coast and Northern Great Plains populations] - Wherever found, except those areas where listed as endangered.",5,Threatened,Birds,South Dakota,,,,,,,,,,,,,,,,,
Scaphirhynchus albus,Pallid sturgeon,Wherever found,6,Endangered,Fishes,South Dakota,,,,,,,,,,,,,,,,,
Notropis topeka (=tristis),Topeka shiner,"Wherever found, except where listed as an experimental population",6,Endangered,Fishes,South Dakota,,,,,,,,,,,,,,,,,
Lampsilis higginsii,Higgins eye (pearlymussel),Wherever found,3,Endangered,Clams,South Dakota,,,,,,,,,,,,,,,,,
Leptodea leptodon,Scaleshell mussel,Wherever found,3,Endangered,Clams,South Dakota,,,,,,,,,,,,,,,,,
Nicrophorus americanus,American burying beetle,"Wherever found, except where listed as an experimental population",2,Threatened,Insects,South Dakota,,,,,,,,,,,,,,,,,
Spiranthes diluvialis,Ute ladies'-tresses,Wherever found,6,Threatened,Flowering Plants,South Dakota,,,,,,,,,,,,,,,,,
Platanthera praeclara,Western prairie fringed Orchid,Wherever found,3,Threatened,Flowering Plants,South Dakota,,,,,,,,,,,,,,,,,
Rhodiola integrifolia ssp. leedyi,Leedy's roseroot,Wherever found,3,Threatened,Flowering Plants,South Dakota,,,,,,,,,,,,,,,,,
Hesperia dacotae,Dakota Skipper,Wherever found,3,Threatened,Insects,South Dakota,,,,,,,,,,,,,,,,,
Mustela nigripes,Black-footed ferret,"U.S.A. (WY and specified portions of AZ, CO, MT, SD, and UT, see 17.84(g)(9))",6,"Experimental Population, Non-Essential",Mammals,South Dakota,,,,,,,,,,,,,,,,,
Calidris canutus rufa,rufa red knot,Wherever found,5,Threatened,Birds,South Dakota,,,,,,,,,,,,,,,,,
Myotis septentrionalis,Northern Long-Eared Bat,Wherever found,3,Endangered,Mammals,South Dakota,,,,,,,,,,,,,,,,,
Trichechus manatus,West Indian Manatee,Wherever found,4,Threatened,Mammals,South Carolina,,,,,,,,,,,,,,,,,
Picoides borealis,Red-cockaded woodpecker,Wherever found,4,Endangered,Birds,South Carolina,,,,,,,,,,,,,,,,,
Mycteria americana,Wood stork,"AL, FL, GA, MS, NC, SC",4,Threatened,Birds,South Carolina,,,,,,,,,,,,,,,,,
Charadrius melodus,Piping Plover,"[Atlantic Coast and Northern Great Plains populations] - Wherever found, except those areas where listed as endangered.",5,Threatened,Birds,South Carolina,,,,,,,,,,,,,,,,,
Sterna dougallii dougallii,Roseate tern,Northeast U.S. nesting population,5,Endangered,Birds,South Carolina,,,,,,,,,,,,,,,,,
Dermochelys coriacea,Leatherback sea turtle,Wherever found,4,Endangered,Reptiles,South Carolina,,,,,,,,,,,,,,,,,
Lepidochelys kempii,Kemp's ridley sea turtle,Wherever found,2,Endangered,Reptiles,South Carolina,,,,,,,,,,,,,,,,,
Ambystoma cingulatum,Frosted Flatwoods salamander,Wherever found,4,Threatened,Amphibians,South Carolina,,,,,,,,,,,,,,,,,
Alasmidonta raveneliana,Appalachian elktoe,Wherever found,4,Endangered,Clams,South Carolina,,,,,,,,,,,,,,,,,
Lasmigona decorata,Carolina heelsplitter,Wherever found,4,Endangered,Clams,South Carolina,,,,,,,,,,,,,,,,,
Amphianthus pusillus,Little amphianthus,Wherever found,4,Threatened,Flowering Plants,South Carolina,,,,,,,,,,,,,,,,,
Hexastylis naniflora,Dwarf-flowered heartleaf,Wherever found,4,Threatened,Flowering Plants,South Carolina,,,,,,,,,,,,,,,,,
Isotria medeoloides,Small whorled pogonia,,5,Threatened,Flowering Plants,South Carolina,,,,,,,,,,,,,,,,,
Ribes echinellum,Miccosukee gooseberry,,4,Threatened,Flowering Plants,South Carolina,,,,,,,,,,,,,,,,,
Sagittaria fasciculata,Bunched arrowhead,Wherever found,4,Endangered,Flowering Plants,South Carolina,,,,,,,,,,,,,,,,,
Trillium persistens,Persistent trillium,Wherever found,4,Endangered,Flowering Plants,South Carolina,,,,,,,,,,,,,,,,,
Echinacea laevigata,Smooth coneflower,Wherever found,4,Threatened,Flowering Plants,South Carolina,,,,,,,,,,,,,,,,,
Helianthus schweinitzii,Schweinitz's sunflower,Wherever found,4,Endangered,Flowering Plants,South Carolina,,,,,,,,,,,,,,,,,
Helonias bullata,Swamp pink,,5,Threatened,Flowering Plants,South Carolina,,,,,,,,,,,,,,,,,
Lindera melissifolia,Pondberry,Wherever found,4,Endangered,Flowering Plants,South Carolina,,,,,,,,,,,,,,,,,
Lysimachia asperulaefolia,Rough-leaved loosestrife,Wherever found,4,Endangered,Flowering Plants,South Carolina,,,,,,,,,,,,,,,,,
Oxypolis canbyi,Canby's dropwort,Wherever found,4,Endangered,Flowering Plants,South Carolina,,,,,,,,,,,,,,,,,
Ptilimnium nodosum,Harperella,Wherever found,5,Endangered,Flowering Plants,South Carolina,,,,,,,,,,,,,,,,,
Rhus michauxii,Michaux's sumac,Wherever found,4,Endangered,Flowering Plants,South Carolina,,,,,,,,,,,,,,,,,
Sarracenia rubra ssp. jonesii,Mountain sweet pitcher-plant,Wherever found,4,Endangered,Flowering Plants,South Carolina,,,,,,,,,,,,,,,,,
Schwalbea americana,American chaffseed,Wherever found,4,Endangered,Flowering Plants,South Carolina,,,,,,,,,,,,,,,,,
Amaranthus pumilus,Seabeach amaranth,Wherever found,4,Threatened,Flowering Plants,South Carolina,,,,,,,,,,,,,,,,,
Trillium reliquum,Relict trillium,Wherever found,4,Endangered,Flowering Plants,South Carolina,,,,,,,,,,,,,,,,,
Sisyrinchium dichotomum,White irisette,Wherever found,4,Endangered,Flowering Plants,South Carolina,,,,,,,,,,,,,,,,,
Carex lutea,Golden sedge,Wherever found,4,Endangered,Flowering Plants,South Carolina,,,,,,,,,,,,,,,,,
Gymnoderma lineare,Rock gnome lichen,Wherever found,4,Endangered,Lichens,South Carolina,,,,,,,,,,,,,,,,,
Platanthera integrilabia,White fringeless orchid,,4,Threatened,Flowering Plants,South Carolina,,,,,,,,,,,,,,,,,
Glyptemys muhlenbergii,bog turtle,"U.S.A. (GA, NC, SC, TN, VA)",4,Similarity of Appearance (Threatened),Reptiles,South Carolina,,,,,,,,,,,,,,,,,
Calidris canutus rufa,rufa red knot,Wherever found,5,Threatened,Birds,South Carolina,,,,,,,,,,,,,,,,,
Caretta caretta,Loggerhead sea turtle,Northwest Atlantic Ocean DPS,4,Threatened,Reptiles,South Carolina,,,,,,,,,,,,,,,,,
Myotis septentrionalis,Northern Long-Eared Bat,Wherever found,3,Endangered,Mammals,South Carolina,,,,,,,,,,,,,,,,,
Fusconaia subrotunda,Longsolid,Wherever found,4,Threatened,Clams,South Carolina,,,,,,,,,,,,,,,,,
Chelonia mydas,Green sea turtle,North Atlantic DPS,4,Threatened,Reptiles,South Carolina,,,,,,,,,,,,,,,,,
Laterallus jamaicensis ssp. jamaicensis,Eastern Black rail,Wherever found,4,Threatened,Birds,South Carolina,,,,,,,,,,,,,,,,,
Charadrius melodus,Piping Plover,"[Atlantic Coast and Northern Great Plains populations] - Wherever found, except those areas where listed as endangered.",5,Threatened,Birds,Rhode Island,,,,,,,,,,,,,,,,,
Sterna dougallii dougallii,Roseate tern,Northeast U.S. nesting population,5,Endangered,Birds,Rhode Island,,,,,,,,,,,,,,,,,
Eretmochelys imbricata,Hawksbill sea turtle,Wherever found,4,Endangered,Reptiles,Rhode Island,,,,,,,,,,,,,,,,,
Dermochelys coriacea,Leatherback sea turtle,Wherever found,4,Endangered,Reptiles,Rhode Island,,,,,,,,,,,,,,,,,
Nicrophorus americanus,American burying beetle,"Wherever found, except where listed as an experimental population",2,Threatened,Insects,Rhode Island,,,,,,,,,,,,,,,,,
Isotria medeoloides,Small whorled pogonia,,5,Threatened,Flowering Plants,Rhode Island,,,,,,,,,,,,,,,,,
Agalinis acuta,Sandplain gerardia,Wherever found,5,Endangered,Flowering Plants,Rhode Island,,,,,,,,,,,,,,,,,
Calidris canutus rufa,rufa red knot,Wherever found,5,Threatened,Birds,Rhode Island,,,,,,,,,,,,,,,,,
Myotis septentrionalis,Northern Long-Eared Bat,Wherever found,3,Endangered,Mammals,Rhode Island,,,,,,,,,,,,,,,,,
Myotis sodalis,Indiana bat,Wherever found,3,Endangered,Mammals,Pennsylvania,,,,,,,,,,,,,,,,,
Charadrius melodus,Piping Plover,"[Great Lakes watershed DPS] - Great Lakes, watershed in States of IL, IN, MI, MN, NY, OH, PA, and WI and Canada (Ont.)",3,Endangered,Birds,Pennsylvania,,,,,,,,,,,,,,,,,
Glyptemys muhlenbergii,bog turtle,"Wherever found, except GA, NC, SC, TN, VA",5,Threatened,Reptiles,Pennsylvania,,,,,,,,,,,,,,,,,
Pleurobema clava,Clubshell,Wherever found; Except where listed as Experimental Populations,5,Endangered,Clams,Pennsylvania,,,,,,,,,,,,,,,,,
Alasmidonta heterodon,Dwarf wedgemussel,Wherever found,5,Endangered,Clams,Pennsylvania,,,,,,,,,,,,,,,,,
Epioblasma rangiana,Northern riffleshell,Wherever found,5,Endangered,Clams,Pennsylvania,,,,,,,,,,,,,,,,,
Isotria medeoloides,Small whorled pogonia,,5,Threatened,Flowering Plants,Pennsylvania,,,,,,,,,,,,,,,,,
Scirpus ancistrochaetus,Northeastern bulrush,,5,Endangered,Flowering Plants,Pennsylvania,,,,,,,,,,,,,,,,,
Platanthera leucophaea,Eastern prairie fringed orchid,Wherever found,3,Threatened,Flowering Plants,Pennsylvania,,,,,,,,,,,,,,,,,
Ptilimnium nodosum,Harperella,Wherever found,5,Endangered,Flowering Plants,Pennsylvania,,,,,,,,,,,,,,,,,
Schwalbea americana,American chaffseed,Wherever found,4,Endangered,Flowering Plants,Pennsylvania,,,,,,,,,,,,,,,,,
Quadrula cylindrica cylindrica,Rabbitsfoot,Wherever found,4,Threatened,Clams,Pennsylvania,,,,,,,,,,,,,,,,,
Epioblasma triquetra,Snuffbox mussel,Wherever found,3,Endangered,Clams,Pennsylvania,,,,,,,,,,,,,,,,,
Villosa fabalis,Rayed Bean,Wherever found,3,Endangered,Clams,Pennsylvania,,,,,,,,,,,,,,,,,
Sistrurus catenatus,Eastern Massasauga (=rattlesnake),Wherever found,3,Threatened,Reptiles,Pennsylvania,,,,,,,,,,,,,,,,,
Plethobasus cyphyus,Sheepnose Mussel,Wherever found,3,Endangered,Clams,Pennsylvania,,,,,,,,,,,,,,,,,
Calidris canutus rufa,rufa red knot,Wherever found,5,Threatened,Birds,Pennsylvania,,,,,,,,,,,,,,,,,
Myotis septentrionalis,Northern Long-Eared Bat,Wherever found,3,Endangered,Mammals,Pennsylvania,,,,,,,,,,,,,,,,,
Obovaria subrotunda,Round hickorynut,Wherever found,3,Threatened,Clams,Pennsylvania,,,,,,,,,,,,,,,,,
Fusconaia subrotunda,Longsolid,Wherever found,4,Threatened,Clams,Pennsylvania,,,,,,,,,,,,,,,,,
Odocoileus virginianus leucurus,Columbian white-tailed deer,Columbia River DPS,1,Threatened,Mammals,Oregon,,,,,,,,,,,,,,,,,
Canis lupus,Gray wolf,"U.S.A.: All of AL, AR, CA, CO, CT, DE, FL, GA, IA, IN, IL, KS, KY, LA, MA, MD, ME, MI, MO, MS, NC, ND, NE, NH, NJ, NV, NY, OH, OK, PA, RI, SC, SD, TN, TX, VA, VT, WI, and WV; and portions of AZ, NM, OR, UT, and WA. Mexico.",6,Endangered,Mammals,Oregon,,,,,,,,,,,,,,,,,
Pterodroma sandwichensis,Hawaiian petrel,Wherever found,1,Endangered,Birds,Oregon,,,,,,,,,,,,,,,,,
Phoebastria (=Diomedea) albatrus,Short-tailed albatross,Wherever found,7,Endangered,Birds,Oregon,,,,,,,,,,,,,,,,,
Charadrius nivosus nivosus,Western Snowy Plover,"Pacific Coast population DPS-U.S.A. (CA, OR, WA), Mexico (within 50 miles of Pacific coast)",8,Threatened,Birds,Oregon,,,,,,,,,,,,,,,,,
Strix occidentalis caurina,Northern spotted owl,Wherever found,1,Threatened,Birds,Oregon,,,,,,,,,,,,,,,,,
Brachyramphus marmoratus,Marbled Murrelet,"U.S.A. (CA, OR, WA)",1,Threatened,Birds,Oregon,,,,,,,,,,,,,,,,,
Dermochelys coriacea,Leatherback sea turtle,Wherever found,4,Endangered,Reptiles,Oregon,,,,,,,,,,,,,,,,,
Lepidochelys olivacea,Olive ridley sea turtle,"Wherever found, except when listed as endangered under 50 CFR 224.101",1,Threatened,Reptiles,Oregon,,,,,,,,,,,,,,,,,
Gopherus agassizii,Desert tortoise,"Wherever found, except AZ south and east of Colorado R., and Mexico",8,Threatened,Reptiles,Oregon,,,,,,,,,,,,,,,,,
Oncorhynchus clarkii henshawi,Lahontan cutthroat trout,Wherever found,8,Threatened,Fishes,Oregon,,,,,,,,,,,,,,,,,
Gila bicolor ssp.,Hutton tui chub,Wherever found,1,Threatened,Fishes,Oregon,,,,,,,,,,,,,,,,,
Deltistes luxatus,Lost River sucker,Wherever found,8,Endangered,Fishes,Oregon,,,,,,,,,,,,,,,,,
Chasmistes brevirostris,Shortnose Sucker,Wherever found,8,Endangered,Fishes,Oregon,,,,,,,,,,,,,,,,,
Catostomus warnerensis,Warner sucker,Wherever found,1,Threatened,Fishes,Oregon,,,,,,,,,,,,,,,,,
Salvelinus confluentus,Bull Trout,"U.S.A., coterminous, lower 48 states",1,Threatened,Fishes,Oregon,,,,,,,,,,,,,,,,,
Eucyclogobius newberryi,Tidewater goby,Wherever found,8,Endangered,Fishes,Oregon,,,,,,,,,,,,,,,,,
Physella natricina,Snake River physa snail,Wherever found,1,Endangered,Snails,Oregon,,,,,,,,,,,,,,,,,
Speyeria zerene hippolyta,Oregon silverspot butterfly,Wherever found,1,Threatened,Insects,Oregon,,,,,,,,,,,,,,,,,
Icaricia icarioides fenderi,Fender's blue butterfly,Wherever found,1,Threatened,Insects,Oregon,,,,,,,,,,,,,,,,,
Branchinecta lynchi,Vernal pool fairy shrimp,Wherever found,8,Threatened,Crustaceans,Oregon,,,,,,,,,,,,,,,,,
Lepidurus packardi,Vernal pool tadpole shrimp,Wherever found,8,Endangered,Crustaceans,Oregon,,,,,,,,,,,,,,,,,
Fritillaria gentneri,Gentner's Fritillary,Wherever found,1,Endangered,Flowering Plants,Oregon,,,,,,,,,,,,,,,,,
Orcuttia tenuis,Slender Orcutt grass,Wherever found,8,Threatened,Flowering Plants,Oregon,,,,,,,,,,,,,,,,,
Plagiobothrys hirtus,rough popcornflower,Wherever found,1,Endangered,Flowering Plants,Oregon,,,,,,,,,,,,,,,,,
Silene spaldingii,Spalding's Catchfly,Wherever found,1,Threatened,Flowering Plants,Oregon,,,,,,,,,,,,,,,,,
Arabis macdonaldiana,McDonald's rock-cress,Wherever found,8,Endangered,Flowering Plants,Oregon,,,,,,,,,,,,,,,,,
Lilium occidentale,Western lily,Wherever found,8,Endangered,Flowering Plants,Oregon,,,,,,,,,,,,,,,,,
Mirabilis macfarlanei,MacFarlane's four-o'clock,Wherever found,1,Threatened,Flowering Plants,Oregon,,,,,,,,,,,,,,,,,
Stephanomeria malheurensis,Malheur wire-lettuce,Wherever found,1,Endangered,Flowering Plants,Oregon,,,,,,,,,,,,,,,,,
Astragalus applegatei,Applegate's milk-vetch,Wherever found,8,Endangered,Flowering Plants,Oregon,,,,,,,,,,,,,,,,,
Thelypodium howellii ssp. spectabilis,Howell''s spectacular thelypody,Wherever found,1,Threatened,Flowering Plants,Oregon,,,,,,,,,,,,,,,,,
Lupinus sulphureus ssp. kincaidii,Kincaid's Lupine,Wherever found,1,Threatened,Flowering Plants,Oregon,,,,,,,,,,,,,,,,,
Erigeron decumbens,Willamette daisy,Wherever found,1,Endangered,Flowering Plants,Oregon,,,,,,,,,,,,,,,,,
Limnanthes pumila ssp. grandiflora,Large-flowered woolly meadowfoam,Wherever found,1,Endangered,Flowering Plants,Oregon,,,,,,,,,,,,,,,,,
Lomatium cookii,Cook's lomatium,Wherever found,1,Endangered,Flowering Plants,Oregon,,,,,,,,,,,,,,,,,
Pinus albicaulis,Whitebark pine,Wherever found,6,Threatened,Conifers and Cycads,Oregon,,,,,,,,,,,,,,,,,
Lepidium papilliferum,Slickspot peppergrass,,1,Threatened,Flowering Plants,Oregon,,,,,,,,,,,,,,,,,
Gulo gulo luscus,North American wolverine,Wherever found,6,Threatened,Mammals,Oregon,,,,,,,,,,,,,,,,,
Rana pretiosa,Oregon spotted frog,Wherever found,1,Threatened,Amphibians,Oregon,,,,,,,,,,,,,,,,,
Eremophila alpestris strigata,Streaked Horned lark,Wherever found,1,Threatened,Birds,Oregon,,,,,,,,,,,,,,,,,
Bombus franklini,Franklin's bumble bee,Wherever found,1,Endangered,Insects,Oregon,,,,,,,,,,,,,,,,,
Coccyzus americanus,Yellow-billed Cuckoo,Western U.S. DPS,2,Threatened,Birds,Oregon,,,,,,,,,,,,,,,,,
Phacelia argentea,Sand dune phacelia,,1,Threatened,Flowering Plants,Oregon,,,,,,,,,,,,,,,,,
Euphydryas editha taylori,Taylor's (=whulge) Checkerspot,Wherever found,1,Endangered,Insects,Oregon,,,,,,,,,,,,,,,,,
Caretta caretta,Loggerhead sea turtle,North Pacific Ocean DPS,1,Endangered,Reptiles,Oregon,,,,,,,,,,,,,,,,,
Martes caurina,"Pacific Marten, Coastal Distinct Population Segment",Wherever found,8,Threatened,Mammals,Oregon,,,,,,,,,,,,,,,,,
Myotis sodalis,Indiana bat,Wherever found,3,Endangered,Mammals,Oklahoma,,,,,,,,,,,,,,,,,
Myotis grisescens,Gray bat,Wherever found,3,Endangered,Mammals,Oklahoma,,,,,,,,,,,,,,,,,
Corynorhinus (=Plecotus) townsendii ingens,Ozark big-eared bat,Wherever found,2,Endangered,Mammals,Oklahoma,,,,,,,,,,,,,,,,,
Grus americana,Whooping crane,"Wherever found, except where listed as an experimental population",2,Endangered,Birds,Oklahoma,,,,,,,,,,,,,,,,,
Picoides borealis,Red-cockaded woodpecker,Wherever found,4,Endangered,Birds,Oklahoma,,,,,,,,,,,,,,,,,
Charadrius melodus,Piping Plover,"[Atlantic Coast and Northern Great Plains populations] - Wherever found, except those areas where listed as endangered.",5,Threatened,Birds,Oklahoma,,,,,,,,,,,,,,,,,
Percina pantherina,Leopard darter,Wherever found,2,Threatened,Fishes,Oklahoma,,,,,,,,,,,,,,,,,
Amblyopsis rosae,Ozark cavefish,Wherever found,4,Threatened,Fishes,Oklahoma,,,,,,,,,,,,,,,,,
Noturus placidus,Neosho madtom,Wherever found,6,Threatened,Fishes,Oklahoma,,,,,,,,,,,,,,,,,
Notropis girardi,Arkansas River shiner,"Arkansas River Basin (AR, KS, NM, OK, TX)",2,Threatened,Fishes,Oklahoma,,,,,,,,,,,,,,,,,
Quadrula fragosa,Winged Mapleleaf,"Wherever found, except where listed as an experimental population",3,Endangered,Clams,Oklahoma,,,,,,,,,,,,,,,,,
Arcidens wheeleri,Ouachita rock pocketbook,Wherever found,2,Endangered,Clams,Oklahoma,,,,,,,,,,,,,,,,,
Leptodea leptodon,Scaleshell mussel,Wherever found,3,Endangered,Clams,Oklahoma,,,,,,,,,,,,,,,,,
Nicrophorus americanus,American burying beetle,"Wherever found, except where listed as an experimental population",2,Threatened,Insects,Oklahoma,,,,,,,,,,,,,,,,,
Ptilimnium nodosum,Harperella,Wherever found,5,Endangered,Flowering Plants,Oklahoma,,,,,,,,,,,,,,,,,
Quadrula cylindrica cylindrica,Rabbitsfoot,Wherever found,4,Threatened,Clams,Oklahoma,,,,,,,,,,,,,,,,,
Lampsilis rafinesqueana,Neosho Mucket,Wherever found,4,Endangered,Clams,Oklahoma,,,,,,,,,,,,,,,,,
Macrhybopsis tetranema,Peppered chub,Wherever found,2,Endangered,Fishes,Oklahoma,,,,,,,,,,,,,,,,,
Cyprogenia aberti,Western fanshell,Wherever found,3,Threatened,Clams,Oklahoma,,,,,,,,,,,,,,,,,
Alligator mississippiensis,American alligator,Wherever found,4,Similarity of Appearance (Threatened),Reptiles,Oklahoma,,,,,,,,,,,,,,,,,
Calidris canutus rufa,rufa red knot,Wherever found,5,Threatened,Birds,Oklahoma,,,,,,,,,,,,,,,,,
Myotis septentrionalis,Northern Long-Eared Bat,Wherever found,3,Endangered,Mammals,Oklahoma,,,,,,,,,,,,,,,,,
Myotis sodalis,Indiana bat,Wherever found,3,Endangered,Mammals,Ohio,,,,,,,,,,,,,,,,,
Charadrius melodus,Piping Plover,"[Great Lakes watershed DPS] - Great Lakes, watershed in States of IL, IN, MI, MN, NY, OH, PA, and WI and Canada (Ont.)",3,Endangered,Birds,Ohio,,,,,,,,,,,,,,,,,
Nerodia erythrogaster neglecta,Copperbelly water snake,"Indiana north of 40 degrees north latitude, Michigan, Ohio",3,Threatened,Reptiles,Ohio,,,,,,,,,,,,,,,,,
Epioblasma obliquata,Purple Cat's paw (=Purple Cat's paw pearlymussel),Wherever found; Except where listed as Experimental Populations,3,Endangered,Clams,Ohio,,,,,,,,,,,,,,,,,
Epioblasma perobliqua,White catspaw (pearlymussel),Wherever found,3,Endangered,Clams,Ohio,,,,,,,,,,,,,,,,,
Lampsilis abrupta,Pink mucket (pearlymussel),Wherever found,3,Endangered,Clams,Ohio,,,,,,,,,,,,,,,,,
Pleurobema clava,Clubshell,Wherever found; Except where listed as Experimental Populations,5,Endangered,Clams,Ohio,,,,,,,,,,,,,,,,,
Cyprogenia stegaria,Fanshell,Wherever found,4,Endangered,Clams,Ohio,,,,,,,,,,,,,,,,,
Epioblasma rangiana,Northern riffleshell,Wherever found,5,Endangered,Clams,Ohio,,,,,,,,,,,,,,,,,
Lycaeides melissa samuelis,Karner blue butterfly,Wherever found,3,Endangered,Insects,Ohio,,,,,,,,,,,,,,,,,
Neonympha mitchellii mitchellii,Mitchell's satyr Butterfly,Wherever found,3,Endangered,Insects,Ohio,,,,,,,,,,,,,,,,,
Nicrophorus americanus,American burying beetle,"Wherever found, except where listed as an experimental population",2,Threatened,Insects,Ohio,,,,,,,,,,,,,,,,,
Aconitum noveboracense,Northern wild monkshood,Wherever found,3,Threatened,Flowering Plants,Ohio,,,,,,,,,,,,,,,,,
Isotria medeoloides,Small whorled pogonia,,5,Threatened,Flowering Plants,Ohio,,,,,,,,,,,,,,,,,
Platanthera leucophaea,Eastern prairie fringed orchid,Wherever found,3,Threatened,Flowering Plants,Ohio,,,,,,,,,,,,,,,,,
Spiraea virginiana,Virginia spiraea,Wherever found,5,Threatened,Flowering Plants,Ohio,,,,,,,,,,,,,,,,,
Hymenoxys herbacea,Lakeside daisy,Wherever found,3,Threatened,Flowering Plants,Ohio,,,,,,,,,,,,,,,,,
Quadrula cylindrica cylindrica,Rabbitsfoot,Wherever found,4,Threatened,Clams,Ohio,,,,,,,,,,,,,,,,,
Epioblasma triquetra,Snuffbox mussel,Wherever found,3,Endangered,Clams,Ohio,,,,,,,,,,,,,,,,,
Villosa fabalis,Rayed Bean,Wherever found,3,Endangered,Clams,Ohio,,,,,,,,,,,,,,,,,
Grus americana,Whooping crane,"U.S.A. (AL, AR, CO, FL, GA, ID, IL, IN, IA, KY, LA, MI, MN, MS, MO, NC, NM, OH, SC, TN, UT, VA, WI, WV, western half of WY)",2,"Experimental Population, Non-Essential",Birds,Ohio,,,,,,,,,,,,,,,,,
Sistrurus catenatus,Eastern Massasauga (=rattlesnake),Wherever found,3,Threatened,Reptiles,Ohio,,,,,,,,,,,,,,,,,
Plethobasus cyphyus,Sheepnose Mussel,Wherever found,3,Endangered,Clams,Ohio,,,,,,,,,,,,,,,,,
Calidris canutus rufa,rufa red knot,Wherever found,5,Threatened,Birds,Ohio,,,,,,,,,,,,,,,,,
Myotis septentrionalis,Northern Long-Eared Bat,Wherever found,3,Endangered,Mammals,Ohio,,,,,,,,,,,,,,,,,
Bombus affinis,Rusty patched bumble bee,Wherever found,3,Endangered,Insects,Ohio,,,,,,,,,,,,,,,,,
Obovaria subrotunda,Round hickorynut,Wherever found,3,Threatened,Clams,Ohio,,,,,,,,,,,,,,,,,
Fusconaia subrotunda,Longsolid,Wherever found,4,Threatened,Clams,Ohio,,,,,,,,,,,,,,,,,
Grus americana,Whooping crane,"Wherever found, except where listed as an experimental population",2,Endangered,Birds,North Dakota,,,,,,,,,,,,,,,,,
Charadrius melodus,Piping Plover,"[Atlantic Coast and Northern Great Plains populations] - Wherever found, except those areas where listed as endangered.",5,Threatened,Birds,North Dakota,,,,,,,,,,,,,,,,,
Scaphirhynchus albus,Pallid sturgeon,Wherever found,6,Endangered,Fishes,North Dakota,,,,,,,,,,,,,,,,,
Platanthera praeclara,Western prairie fringed Orchid,Wherever found,3,Threatened,Flowering Plants,North Dakota,,,,,,,,,,,,,,,,,
Hesperia dacotae,Dakota Skipper,Wherever found,3,Threatened,Insects,North Dakota,,,,,,,,,,,,,,,,,
Calidris canutus rufa,rufa red knot,Wherever found,5,Threatened,Birds,North Dakota,,,,,,,,,,,,,,,,,
Myotis septentrionalis,Northern Long-Eared Bat,Wherever found,3,Endangered,Mammals,North Dakota,,,,,,,,,,,,,,,,,
Myotis sodalis,Indiana bat,Wherever found,3,Endangered,Mammals,North Carolina,,,,,,,,,,,,,,,,,
Trichechus manatus,West Indian Manatee,Wherever found,4,Threatened,Mammals,North Carolina,,,,,,,,,,,,,,,,,
Canis rufus,Red wolf,"Wherever found, except where listed as an experimental population",4,Endangered,Mammals,North Carolina,,,,,,,,,,,,,,,,,
Myotis grisescens,Gray bat,Wherever found,3,Endangered,Mammals,North Carolina,,,,,,,,,,,,,,,,,
Corynorhinus (=Plecotus) townsendii virginianus,Virginia big-eared bat,Wherever found,5,Endangered,Mammals,North Carolina,,,,,,,,,,,,,,,,,
Glaucomys sabrinus coloratus,Carolina northern flying squirrel,Wherever found,4,Endangered,Mammals,North Carolina,,,,,,,,,,,,,,,,,
Picoides borealis,Red-cockaded woodpecker,Wherever found,4,Endangered,Birds,North Carolina,,,,,,,,,,,,,,,,,
Mycteria americana,Wood stork,"AL, FL, GA, MS, NC, SC",4,Threatened,Birds,North Carolina,,,,,,,,,,,,,,,,,
Charadrius melodus,Piping Plover,"[Atlantic Coast and Northern Great Plains populations] - Wherever found, except those areas where listed as endangered.",5,Threatened,Birds,North Carolina,,,,,,,,,,,,,,,,,
Sterna dougallii dougallii,Roseate tern,Northeast U.S. nesting population,5,Endangered,Birds,North Carolina,,,,,,,,,,,,,,,,,
Eretmochelys imbricata,Hawksbill sea turtle,Wherever found,4,Endangered,Reptiles,North Carolina,,,,,,,,,,,,,,,,,
Dermochelys coriacea,Leatherback sea turtle,Wherever found,4,Endangered,Reptiles,North Carolina,,,,,,,,,,,,,,,,,
Lepidochelys kempii,Kemp's ridley sea turtle,Wherever found,2,Endangered,Reptiles,North Carolina,,,,,,,,,,,,,,,,,
Erimonax monachus,Spotfin Chub,"Wherever found, except where listed as an experimental population",4,Threatened,Fishes,North Carolina,,,,,,,,,,,,,,,,,
Percina rex,Roanoke logperch,Wherever found,5,Endangered,Fishes,North Carolina,,,,,,,,,,,,,,,,,
Notropis mekistocholas,Cape Fear shiner,Wherever found,4,Endangered,Fishes,North Carolina,,,,,,,,,,,,,,,,,
Menidia extensa,Waccamaw silverside,Wherever found,4,Threatened,Fishes,North Carolina,,,,,,,,,,,,,,,,,
Pegias fabula,Littlewing pearlymussel,Wherever found,4,Endangered,Clams,North Carolina,,,,,,,,,,,,,,,,,
Parvaspina steinstansana,Tar River spinymussel,Wherever found,4,Endangered,Clams,North Carolina,,,,,,,,,,,,,,,,,
Alasmidonta raveneliana,Appalachian elktoe,Wherever found,4,Endangered,Clams,North Carolina,,,,,,,,,,,,,,,,,
Parvaspina collina,James spinymussel,Wherever found,5,Endangered,Clams,North Carolina,,,,,,,,,,,,,,,,,
Alasmidonta heterodon,Dwarf wedgemussel,Wherever found,5,Endangered,Clams,North Carolina,,,,,,,,,,,,,,,,,
Lasmigona decorata,Carolina heelsplitter,Wherever found,4,Endangered,Clams,North Carolina,,,,,,,,,,,,,,,,,
Mesodon clarki nantahala,noonday snail,Wherever found,4,Threatened,Snails,North Carolina,,,,,,,,,,,,,,,,,
Neonympha mitchellii francisci,Saint Francis' satyr butterfly,Wherever found,4,Endangered,Insects,North Carolina,,,,,,,,,,,,,,,,,
Microhexura montivaga,Spruce-fir moss spider,Wherever found,4,Endangered,Arachnids,North Carolina,,,,,,,,,,,,,,,,,
Cardamine micranthera,Small-anthered bittercress,Wherever found,4,Endangered,Flowering Plants,North Carolina,,,,,,,,,,,,,,,,,
Geum radiatum,Spreading avens,Wherever found,4,Endangered,Flowering Plants,North Carolina,,,,,,,,,,,,,,,,,
Hexastylis naniflora,Dwarf-flowered heartleaf,Wherever found,4,Threatened,Flowering Plants,North Carolina,,,,,,,,,,,,,,,,,
Isotria medeoloides,Small whorled pogonia,,5,Threatened,Flowering Plants,North Carolina,,,,,,,,,,,,,,,,,
Sagittaria fasciculata,Bunched arrowhead,Wherever found,4,Endangered,Flowering Plants,North Carolina,,,,,,,,,,,,,,,,,
Sarracenia oreophila,Green pitcher-plant,Wherever found,4,Endangered,Flowering Plants,North Carolina,,,,,,,,,,,,,,,,,
Thalictrum cooleyi,Cooley's meadowrue,Wherever found,4,Endangered,Flowering Plants,North Carolina,,,,,,,,,,,,,,,,,
Aeschynomene virginica,Sensitive joint-vetch,Wherever found,5,Threatened,Flowering Plants,North Carolina,,,,,,,,,,,,,,,,,
Echinacea laevigata,Smooth coneflower,Wherever found,4,Threatened,Flowering Plants,North Carolina,,,,,,,,,,,,,,,,,
Hedyotis purpurea var. montana,Roan Mountain bluet,Wherever found,4,Endangered,Flowering Plants,North Carolina,,,,,,,,,,,,,,,,,
Helianthus schweinitzii,Schweinitz's sunflower,Wherever found,4,Endangered,Flowering Plants,North Carolina,,,,,,,,,,,,,,,,,
Helonias bullata,Swamp pink,,5,Threatened,Flowering Plants,North Carolina,,,,,,,,,,,,,,,,,
Liatris helleri,Heller's blazingstar,Wherever found,4,Threatened,Flowering Plants,North Carolina,,,,,,,,,,,,,,,,,
Lindera melissifolia,Pondberry,Wherever found,4,Endangered,Flowering Plants,North Carolina,,,,,,,,,,,,,,,,,
Lysimachia asperulaefolia,Rough-leaved loosestrife,Wherever found,4,Endangered,Flowering Plants,North Carolina,,,,,,,,,,,,,,,,,
Oxypolis canbyi,Canby's dropwort,Wherever found,4,Endangered,Flowering Plants,North Carolina,,,,,,,,,,,,,,,,,
Ptilimnium nodosum,Harperella,Wherever found,5,Endangered,Flowering Plants,North Carolina,,,,,,,,,,,,,,,,,
Rhus michauxii,Michaux's sumac,Wherever found,4,Endangered,Flowering Plants,North Carolina,,,,,,,,,,,,,,,,,
Sarracenia rubra ssp. jonesii,Mountain sweet pitcher-plant,Wherever found,4,Endangered,Flowering Plants,North Carolina,,,,,,,,,,,,,,,,,
Schwalbea americana,American chaffseed,Wherever found,4,Endangered,Flowering Plants,North Carolina,,,,,,,,,,,,,,,,,
Solidago spithamaea,Blue Ridge goldenrod,Wherever found,4,Threatened,Flowering Plants,North Carolina,,,,,,,,,,,,,,,,,
Amaranthus pumilus,Seabeach amaranth,Wherever found,4,Threatened,Flowering Plants,North Carolina,,,,,,,,,,,,,,,,,
Spiraea virginiana,Virginia spiraea,Wherever found,5,Threatened,Flowering Plants,North Carolina,,,,,,,,,,,,,,,,,
Hudsonia montana,Mountain golden heather,Wherever found,4,Threatened,Flowering Plants,North Carolina,,,,,,,,,,,,,,,,,
Sisyrinchium dichotomum,White irisette,Wherever found,4,Endangered,Flowering Plants,North Carolina,,,,,,,,,,,,,,,,,
Carex lutea,Golden sedge,Wherever found,4,Endangered,Flowering Plants,North Carolina,,,,,,,,,,,,,,,,,
Gymnoderma lineare,Rock gnome lichen,Wherever found,4,Endangered,Lichens,North Carolina,,,,,,,,,,,,,,,,,
Planorbella magnifica,Magnificent ramshorn,Wherever found,4,Endangered,Snails,North Carolina,,,,,,,,,,,,,,,,,
Necturus lewisi,Neuse River waterdog,Wherever found,4,Threatened,Amphibians,North Carolina,,,,,,,,,,,,,,,,,
Elliptio lanceolata,Yellow lance,Wherever found,4,Threatened,Clams,North Carolina,,,,,,,,,,,,,,,,,
Canis rufus,Red wolf,U.S.A. (portions of NC and TN),4,"Experimental Population, Non-Essential",Mammals,North Carolina,,,,,,,,,,,,,,,,,
Noturus furiosus,Carolina madtom,Wherever found,4,Endangered,Fishes,North Carolina,,,,,,,,,,,,,,,,,
Glyptemys muhlenbergii,bog turtle,"U.S.A. (GA, NC, SC, TN, VA)",4,Similarity of Appearance (Threatened),Reptiles,North Carolina,,,,,,,,,,,,,,,,,
Fusconaia masoni,Atlantic pigtoe,Wherever found,4,Threatened,Clams,North Carolina,,,,,,,,,,,,,,,,,
Grus americana,Whooping crane,"U.S.A. (AL, AR, CO, FL, GA, ID, IL, IN, IA, KY, LA, MI, MN, MS, MO, NC, NM, OH, SC, TN, UT, VA, WI, WV, western half of WY)",2,"Experimental Population, Non-Essential",Birds,North Carolina,,,,,,,,,,,,,,,,,
Alligator mississippiensis,American alligator,Wherever found,4,Similarity of Appearance (Threatened),Reptiles,North Carolina,,,,,,,,,,,,,,,,,
Calidris canutus rufa,rufa red knot,Wherever found,5,Threatened,Birds,North Carolina,,,,,,,,,,,,,,,,,
Caretta caretta,Loggerhead sea turtle,Northwest Atlantic Ocean DPS,4,Threatened,Reptiles,North Carolina,,,,,,,,,,,,,,,,,
Myotis septentrionalis,Northern Long-Eared Bat,Wherever found,3,Endangered,Mammals,North Carolina,,,,,,,,,,,,,,,,,
Fusconaia subrotunda,Longsolid,Wherever found,4,Threatened,Clams,North Carolina,,,,,,,,,,,,,,,,,
Chelonia mydas,Green sea turtle,North Atlantic DPS,4,Threatened,Reptiles,North Carolina,,,,,,,,,,,,,,,,,
Laterallus jamaicensis ssp. jamaicensis,Eastern Black rail,Wherever found,4,Threatened,Birds,North Carolina,,,,,,,,,,,,,,,,,
Myotis sodalis,Indiana bat,Wherever found,3,Endangered,Mammals,New York,,,,,,,,,,,,,,,,,
Charadrius melodus,Piping Plover,"[Great Lakes watershed DPS] - Great Lakes, watershed in States of IL, IN, MI, MN, NY, OH, PA, and WI and Canada (Ont.)",3,Endangered,Birds,New York,,,,,,,,,,,,,,,,,
Charadrius melodus,Piping Plover,"[Atlantic Coast and Northern Great Plains populations] - Wherever found, except those areas where listed as endangered.",5,Threatened,Birds,New York,,,,,,,,,,,,,,,,,
Sterna dougallii dougallii,Roseate tern,Northeast U.S. nesting population,5,Endangered,Birds,New York,,,,,,,,,,,,,,,,,
Eretmochelys imbricata,Hawksbill sea turtle,Wherever found,4,Endangered,Reptiles,New York,,,,,,,,,,,,,,,,,
Dermochelys coriacea,Leatherback sea turtle,Wherever found,4,Endangered,Reptiles,New York,,,,,,,,,,,,,,,,,
Glyptemys muhlenbergii,bog turtle,"Wherever found, except GA, NC, SC, TN, VA",5,Threatened,Reptiles,New York,,,,,,,,,,,,,,,,,
Pleurobema clava,Clubshell,Wherever found; Except where listed as Experimental Populations,5,Endangered,Clams,New York,,,,,,,,,,,,,,,,,
Alasmidonta heterodon,Dwarf wedgemussel,Wherever found,5,Endangered,Clams,New York,,,,,,,,,,,,,,,,,
Epioblasma rangiana,Northern riffleshell,Wherever found,5,Endangered,Clams,New York,,,,,,,,,,,,,,,,,
Novisuccinea chittenangoensis,Chittenango ovate amber snail,Wherever found,5,Threatened,Snails,New York,,,,,,,,,,,,,,,,,
Lycaeides melissa samuelis,Karner blue butterfly,Wherever found,3,Endangered,Insects,New York,,,,,,,,,,,,,,,,,
Aconitum noveboracense,Northern wild monkshood,Wherever found,3,Threatened,Flowering Plants,New York,,,,,,,,,,,,,,,,,
Isotria medeoloides,Small whorled pogonia,,5,Threatened,Flowering Plants,New York,,,,,,,,,,,,,,,,,
Scirpus ancistrochaetus,Northeastern bulrush,,5,Endangered,Flowering Plants,New York,,,,,,,,,,,,,,,,,
Agalinis acuta,Sandplain gerardia,Wherever found,5,Endangered,Flowering Plants,New York,,,,,,,,,,,,,,,,,
Solidago houghtonii,Houghton's goldenrod,Wherever found,3,Threatened,Flowering Plants,New York,,,,,,,,,,,,,,,,,
Amaranthus pumilus,Seabeach amaranth,Wherever found,4,Threatened,Flowering Plants,New York,,,,,,,,,,,,,,,,,
Rhodiola integrifolia ssp. leedyi,Leedy's roseroot,Wherever found,3,Threatened,Flowering Plants,New York,,,,,,,,,,,,,,,,,
Asplenium scolopendrium var. americanum,American hart's-tongue fern,Wherever found,5,Threatened,Ferns and Allies,New York,,,,,,,,,,,,,,,,,
Epioblasma triquetra,Snuffbox mussel,Wherever found,3,Endangered,Clams,New York,,,,,,,,,,,,,,,,,
Villosa fabalis,Rayed Bean,Wherever found,3,Endangered,Clams,New York,,,,,,,,,,,,,,,,,
Hemileuca maia menyanthevora (=H. iroquois),bog buck moth,Wherever found,5,Endangered,Insects,New York,,,,,,,,,,,,,,,,,
Sistrurus catenatus,Eastern Massasauga (=rattlesnake),Wherever found,3,Threatened,Reptiles,New York,,,,,,,,,,,,,,,,,
Calidris canutus rufa,rufa red knot,Wherever found,5,Threatened,Birds,New York,,,,,,,,,,,,,,,,,
Myotis septentrionalis,Northern Long-Eared Bat,Wherever found,3,Endangered,Mammals,New York,,,,,,,,,,,,,,,,,
Fusconaia subrotunda,Longsolid,Wherever found,4,Threatened,Clams,New York,,,,,,,,,,,,,,,,,
Mustela nigripes,Black-footed ferret,"Wherever found, except where listed as an experimental population",6,Endangered,Mammals,New Mexico,,,,,,,,,,,,,,,,,
Canis lupus baileyi,Mexican wolf,"Wherever found, except where listed as an experimental population",2,Endangered,Mammals,New Mexico,,,,,,,,,,,,,,,,,
Panthera onca,Jaguar,Wherever found,2,Endangered,Mammals,New Mexico,,,,,,,,,,,,,,,,,
Lynx canadensis,Canada Lynx,Wherever Found in Contiguous U.S.,6,Threatened,Mammals,New Mexico,,,,,,,,,,,,,,,,,
Leptonycteris nivalis,Mexican long-nosed bat,Wherever found,2,Endangered,Mammals,New Mexico,,,,,,,,,,,,,,,,,
Strix occidentalis lucida,Mexican spotted owl,Wherever found,2,Threatened,Birds,New Mexico,,,,,,,,,,,,,,,,,
Charadrius melodus,Piping Plover,"[Atlantic Coast and Northern Great Plains populations] - Wherever found, except those areas where listed as endangered.",5,Threatened,Birds,New Mexico,,,,,,,,,,,,,,,,,
Empidonax traillii extimus,Southwestern willow flycatcher,Wherever found,2,Endangered,Birds,New Mexico,,,,,,,,,,,,,,,,,
Crotalus willardi obscurus,New Mexican ridge-nosed rattlesnake,Wherever found,2,Threatened,Reptiles,New Mexico,,,,,,,,,,,,,,,,,
Rana chiricahuensis,Chiricahua leopard frog,Wherever found,2,Threatened,Amphibians,New Mexico,,,,,,,,,,,,,,,,,
Ptychocheilus lucius,Colorado pikeminnow,"Wherever found, except where listed as an experimental population",6,Endangered,Fishes,New Mexico,,,,,,,,,,,,,,,,,
Poeciliopsis occidentalis,Gila topminnow (incl. Yaqui),Wherever found,2,Endangered,Fishes,New Mexico,,,,,,,,,,,,,,,,,
Oncorhynchus gilae,Gila trout,Wherever found,2,Threatened,Fishes,New Mexico,,,,,,,,,,,,,,,,,
Gambusia nobilis,Pecos gambusia,Wherever found,2,Endangered,Fishes,New Mexico,,,,,,,,,,,,,,,,,
Gila nigrescens,Chihuahua chub,Wherever found,2,Threatened,Fishes,New Mexico,,,,,,,,,,,,,,,,,
Ictalurus pricei,Yaqui catfish,Wherever found,2,Threatened,Fishes,New Mexico,,,,,,,,,,,,,,,,,
Tiaroga cobitis,Loach minnow,Wherever found,2,Endangered,Fishes,New Mexico,,,,,,,,,,,,,,,,,
Notropis simus pecosensis,Pecos bluntnose shiner,Wherever found,2,Threatened,Fishes,New Mexico,,,,,,,,,,,,,,,,,
Xyrauchen texanus,Razorback sucker,Wherever found,6,Endangered,Fishes,New Mexico,,,,,,,,,,,,,,,,,
Meda fulgida,Spikedace,Wherever found,2,Endangered,Fishes,New Mexico,,,,,,,,,,,,,,,,,
Notropis girardi,Arkansas River shiner,"Arkansas River Basin (AR, KS, NM, OK, TX)",2,Threatened,Fishes,New Mexico,,,,,,,,,,,,,,,,,
Hybognathus amarus,Rio Grande Silvery Minnow,"Wherever found, except where listed as an experimental population",2,Endangered,Fishes,New Mexico,,,,,,,,,,,,,,,,,
Tryonia alamosae,Alamosa springsnail,Wherever found,2,Endangered,Snails,New Mexico,,,,,,,,,,,,,,,,,
Pyrgulopsis neomexicana,Socorro springsnail,Wherever found,2,Endangered,Snails,New Mexico,,,,,,,,,,,,,,,,,
Thermosphaeroma thermophilus,Socorro isopod,Wherever found,2,Endangered,Crustaceans,New Mexico,,,,,,,,,,,,,,,,,
Helianthus paradoxus,"Pecos (=puzzle, =paradox) sunflower",Wherever found,2,Threatened,Flowering Plants,New Mexico,,,,,,,,,,,,,,,,,
Argemone pleiacantha ssp. pinnatisecta,Sacramento prickly poppy,Wherever found,2,Endangered,Flowering Plants,New Mexico,,,,,,,,,,,,,,,,,
Astragalus humillimus,Mancos milk-vetch,Wherever found,2,Endangered,Flowering Plants,New Mexico,,,,,,,,,,,,,,,,,
Coryphantha sneedii var. leei,Lee pincushion cactus,Wherever found,2,Threatened,Flowering Plants,New Mexico,,,,,,,,,,,,,,,,,
Coryphantha sneedii var. sneedii,Sneed pincushion cactus,Wherever found,2,Endangered,Flowering Plants,New Mexico,,,,,,,,,,,,,,,,,
Echinocereus fendleri var. kuenzleri,Kuenzler hedgehog cactus,Wherever found,2,Threatened,Flowering Plants,New Mexico,,,,,,,,,,,,,,,,,
Erigeron rhizomatus,Zuni fleabane,Wherever found,2,Threatened,Flowering Plants,New Mexico,,,,,,,,,,,,,,,,,
Eriogonum gypsophilum,Gypsum wild-buckwheat,Wherever found,2,Threatened,Flowering Plants,New Mexico,,,,,,,,,,,,,,,,,
Pediocactus knowltonii,Knowlton's cactus,Wherever found,2,Endangered,Flowering Plants,New Mexico,,,,,,,,,,,,,,,,,
Sclerocactus mesae-verdae,Mesa Verde cactus,Wherever found,2,Threatened,Flowering Plants,New Mexico,,,,,,,,,,,,,,,,,
Hedeoma todsenii,Todsen's pennyroyal,Wherever found,2,Endangered,Flowering Plants,New Mexico,,,,,,,,,,,,,,,,,
Cirsium vinaceum,Sacramento Mountains thistle,Wherever found,2,Threatened,Flowering Plants,New Mexico,,,,,,,,,,,,,,,,,
Coryphantha robbinsorum,Cochise pincushion cactus,Wherever found,2,Threatened,Flowering Plants,New Mexico,,,,,,,,,,,,,,,,,
Lilaeopsis schaffneriana var. recurva,Huachuca water-umbel,Wherever found,2,Endangered,Flowering Plants,New Mexico,,,,,,,,,,,,,,,,,
Ipomopsis sancti-spiritus,Holy Ghost ipomopsis,Wherever found,2,Endangered,Flowering Plants,New Mexico,,,,,,,,,,,,,,,,,
Asplenium scolopendrium var. americanum,American hart's-tongue fern,Wherever found,5,Threatened,Ferns and Allies,New Mexico,,,,,,,,,,,,,,,,,
Assiminea pecos,Pecos assiminea snail,Wherever found,2,Endangered,Snails,New Mexico,,,,,,,,,,,,,,,,,
Pyrgulopsis roswellensis,Roswell springsnail,Wherever found,2,Endangered,Snails,New Mexico,,,,,,,,,,,,,,,,,
Juturnia kosteri,Koster's springsnail,Wherever found,2,Endangered,Snails,New Mexico,,,,,,,,,,,,,,,,,
Euphydryas anicia cloudcrofti,Sacramento Mountains checkerspot Butterfly,Wherever found,2,Endangered,Insects,New Mexico,,,,,,,,,,,,,,,,,
Gammarus desperatus,Noel's Amphipod,Wherever found,2,Endangered,Crustaceans,New Mexico,,,,,,,,,,,,,,,,,
Speyeria nokomis nokomis,Silverspot,Wherever found,6,Threatened,Insects,New Mexico,,,,,,,,,,,,,,,,,
Thamnophis eques megalops,Northern Mexican gartersnake,Wherever found,2,Threatened,Reptiles,New Mexico,,,,,,,,,,,,,,,,,
Popenaias popeii,Texas Hornshell,Wherever found,2,Endangered,Clams,New Mexico,,,,,,,,,,,,,,,,,
Thamnophis rufipunctatus,Narrow-headed gartersnake,Wherever found,2,Threatened,Reptiles,New Mexico,,,,,,,,,,,,,,,,,
Catostomus discobolus yarrowi,Zuni bluehead Sucker,Wherever found,2,Endangered,Fishes,New Mexico,,,,,,,,,,,,,,,,,
Plethodon neomexicanus,Jemez Mountains salamander,Wherever found,2,Endangered,Amphibians,New Mexico,,,,,,,,,,,,,,,,,
Pyrgulopsis chupaderae,Chupadera springsnail,Wherever found,2,Endangered,Snails,New Mexico,,,,,,,,,,,,,,,,,
Macrhybopsis tetranema,Peppered chub,Wherever found,2,Endangered,Fishes,New Mexico,,,,,,,,,,,,,,,,,
Zapus hudsonius luteus,New Mexico meadow jumping mouse,Wherever found,2,Endangered,Mammals,New Mexico,,,,,,,,,,,,,,,,,
Gila intermedia,Gila chub,Wherever found,2,Endangered,Fishes,New Mexico,,,,,,,,,,,,,,,,,
Coccyzus americanus,Yellow-billed Cuckoo,Western U.S. DPS,2,Threatened,Birds,New Mexico,,,,,,,,,,,,,,,,,
Calidris canutus rufa,rufa red knot,Wherever found,5,Threatened,Birds,New Mexico,,,,,,,,,,,,,,,,,
Falco femoralis septentrionalis,Northern Aplomado Falcon,"U.S.A (AZ, NM)",2,"Experimental Population, Non-Essential",Birds,New Mexico,,,,,,,,,,,,,,,,,
Cirsium wrightii,Wright's marsh thistle,,2,Threatened,Flowering Plants,New Mexico,,,,,,,,,,,,,,,,,
Canis lupus baileyi,Mexican wolf,U.S.A. (portions of AZ and NM)see 17.84(k),2,"Experimental Population, Non-Essential",Mammals,New Mexico,,,,,,,,,,,,,,,,,
Myotis sodalis,Indiana bat,Wherever found,3,Endangered,Mammals,New Jersey,,,,,,,,,,,,,,,,,
Trichechus manatus,West Indian Manatee,Wherever found,4,Threatened,Mammals,New Jersey,,,,,,,,,,,,,,,,,
Charadrius melodus,Piping Plover,"[Atlantic Coast and Northern Great Plains populations] - Wherever found, except those areas where listed as endangered.",5,Threatened,Birds,New Jersey,,,,,,,,,,,,,,,,,
Sterna dougallii dougallii,Roseate tern,Northeast U.S. nesting population,5,Endangered,Birds,New Jersey,,,,,,,,,,,,,,,,,
Eretmochelys imbricata,Hawksbill sea turtle,Wherever found,4,Endangered,Reptiles,New Jersey,,,,,,,,,,,,,,,,,
Dermochelys coriacea,Leatherback sea turtle,Wherever found,4,Endangered,Reptiles,New Jersey,,,,,,,,,,,,,,,,,
Glyptemys muhlenbergii,bog turtle,"Wherever found, except GA, NC, SC, TN, VA",5,Threatened,Reptiles,New Jersey,,,,,,,,,,,,,,,,,
Alasmidonta heterodon,Dwarf wedgemussel,Wherever found,5,Endangered,Clams,New Jersey,,,,,,,,,,,,,,,,,
Habroscelimorpha dorsalis dorsalis,Northeastern beach tiger beetle,Wherever found,5,Threatened,Insects,New Jersey,,,,,,,,,,,,,,,,,
Isotria medeoloides,Small whorled pogonia,,5,Threatened,Flowering Plants,New Jersey,,,,,,,,,,,,,,,,,
Aeschynomene virginica,Sensitive joint-vetch,Wherever found,5,Threatened,Flowering Plants,New Jersey,,,,,,,,,,,,,,,,,
Helonias bullata,Swamp pink,,5,Threatened,Flowering Plants,New Jersey,,,,,,,,,,,,,,,,,
Schwalbea americana,American chaffseed,Wherever found,4,Endangered,Flowering Plants,New Jersey,,,,,,,,,,,,,,,,,
Amaranthus pumilus,Seabeach amaranth,Wherever found,4,Threatened,Flowering Plants,New Jersey,,,,,,,,,,,,,,,,,
Rhynchospora knieskernii,Knieskern's Beaked-rush,Wherever found,5,Threatened,Flowering Plants,New Jersey,,,,,,,,,,,,,,,,,
Calidris canutus rufa,rufa red knot,Wherever found,5,Threatened,Birds,New Jersey,,,,,,,,,,,,,,,,,
Myotis septentrionalis,Northern Long-Eared Bat,Wherever found,3,Endangered,Mammals,New Jersey,,,,,,,,,,,,,,,,,
